Date,Item,Item
2016-10-30,Coffee,33
2016-10-30,Bread,29
2016-10-30,Scandinavian,16
2016-10-30,Muffin,12
2016-10-30,Tea,12
2016-10-30,Medialuna,11
2016-10-30,Frittata,6
2016-10-30,Jam,6
2016-10-30,Pastry,6
2016-10-30,Fudge,5
2016-10-30,Hearty & Seasonal,5
2016-10-30,Hot chocolate,4
2016-10-30,Juice,3
2016-10-30,Mineral water,3
2016-10-30,Tartine,3
2016-10-30,Victorian Sponge,3
2016-10-30,Basket,2
2016-10-30,Cookies,2
2016-10-30,Farm House,2
2016-10-30,Cake,1
2016-10-30,Chicken sand,1
2016-10-30,Ella's Kitchen Pouches,1
2016-10-30,Mighty Protein,1
2016-10-30,Pick and Mix Bowls,1
2016-10-30,Smoothies,1
2016-10-30,Soup,1
2016-10-31,Coffee,60
2016-10-31,Bread,24
2016-10-31,Tea,19
2016-10-31,Muffin,17
2016-10-31,Pastry,13
2016-10-31,Cookies,9
2016-10-31,Farm House,9
2016-10-31,Hearty & Seasonal,7
2016-10-31,Soup,7
2016-10-31,Juice,6
2016-10-31,Cake,5
2016-10-31,Coke,3
2016-10-31,Jam,3
2016-10-31,Mineral water,3
2016-10-31,Sandwich,3
2016-10-31,Tartine,3
2016-10-31,Medialuna,2
2016-10-31,Focaccia,1
2016-10-31,Fudge,1
2016-10-31,Hot chocolate,1
2016-10-31,Mighty Protein,1
2016-10-31,My-5 Fruit Shoot,1
2016-10-31,Pick and Mix Bowls,1
2016-11-01,Coffee,38
2016-11-01,Bread,21
2016-11-01,Tea,19
2016-11-01,Pastry,14
2016-11-01,Scandinavian,9
2016-11-01,Cookies,7
2016-11-01,Soup,7
2016-11-01,Cake,6
2016-11-01,Alfajores,4
2016-11-01,Muffin,3
2016-11-01,Sandwich,3
2016-11-01,Tartine,3
2016-11-01,Hearty & Seasonal,2
2016-11-01,Hot chocolate,2
2016-11-01,Jam,2
2016-11-01,Juice,2
2016-11-01,Medialuna,2
2016-11-01,Coke,1
2016-11-01,Eggs,1
2016-11-01,Ella's Kitchen Pouches,1
2016-11-01,Farm House,1
2016-11-01,Fudge,1
2016-11-01,Victorian Sponge,1
2016-11-02,Coffee,42
2016-11-02,Bread,17
2016-11-02,Pastry,16
2016-11-02,Tea,14
2016-11-02,Alfajores,10
2016-11-02,Farm House,10
2016-11-02,Juice,8
2016-11-02,Soup,8
2016-11-02,Hearty & Seasonal,7
2016-11-02,Cookies,6
2016-11-02,Mineral water,4
2016-11-02,Fudge,3
2016-11-02,Jam,3
2016-11-02,Scandinavian,3
2016-11-02,Coke,2
2016-11-02,Mighty Protein,2
2016-11-02,Pick and Mix Bowls,2
2016-11-02,Sandwich,2
2016-11-02,Tartine,2
2016-11-02,Hot chocolate,1
2016-11-02,Muffin,1
2016-11-02,Smoothies,1
2016-11-03,Coffee,40
2016-11-03,Bread,26
2016-11-03,Pastry,18
2016-11-03,Farm House,10
2016-11-03,Alfajores,9
2016-11-03,Medialuna,9
2016-11-03,Tea,9
2016-11-03,Brownie,8
2016-11-03,Cake,6
2016-11-03,Cookies,6
2016-11-03,Focaccia,6
2016-11-03,Sandwich,6
2016-11-03,Hearty & Seasonal,5
2016-11-03,Dulce de Leche,4
2016-11-03,Fudge,4
2016-11-03,Jam,4
2016-11-03,Soup,4
2016-11-03,Hot chocolate,3
2016-11-03,Juice,3
2016-11-03,Ella's Kitchen Pouches,2
2016-11-03,My-5 Fruit Shoot,2
2016-11-03,Pick and Mix Bowls,2
2016-11-03,Mineral water,1
2016-11-03,Smoothies,1
2016-11-03,Tartine,1
2016-11-04,Coffee,51
2016-11-04,Bread,30
2016-11-04,Brownie,17
2016-11-04,Tea,14
2016-11-04,Medialuna,8
2016-11-04,Jam,7
2016-11-04,Alfajores,6
2016-11-04,Pastry,6
2016-11-04,Mineral water,5
2016-11-04,Cookies,4
2016-11-04,Fudge,4
2016-11-04,Hearty & Seasonal,4
2016-11-04,Hot chocolate,4
2016-11-04,Scandinavian,4
2016-11-04,Soup,4
2016-11-04,Farm House,3
2016-11-04,Juice,3
2016-11-04,Sandwich,3
2016-11-04,Tartine,3
2016-11-04,Pick and Mix Bowls,2
2016-11-04,Cake,1
2016-11-04,Dulce de Leche,1
2016-11-04,Honey,1
2016-11-04,Mighty Protein,1
2016-11-04,The BART,1
2016-11-05,Coffee,71
2016-11-05,Bread,36
2016-11-05,Brownie,31
2016-11-05,Medialuna,16
2016-11-05,Scandinavian,14
2016-11-05,Hot chocolate,12
2016-11-05,Tea,12
2016-11-05,Cake,11
2016-11-05,Fudge,9
2016-11-05,Frittata,7
2016-11-05,Jam,7
2016-11-05,Hearty & Seasonal,6
2016-11-05,Farm House,5
2016-11-05,Soup,5
2016-11-05,Pastry,4
2016-11-05,Basket,3
2016-11-05,Cookies,3
2016-11-05,Mighty Protein,3
2016-11-05,My-5 Fruit Shoot,3
2016-11-05,Coke,2
2016-11-05,Focaccia,2
2016-11-05,Granola,2
2016-11-05,Mineral water,2
2016-11-05,Pick and Mix Bowls,2
2016-11-05,Sandwich,2
2016-11-05,Tartine,2
2016-11-05,Fairy Doors,1
2016-11-05,Smoothies,1
2016-11-05,Victorian Sponge,1
2016-11-06,Coffee,48
2016-11-06,Bread,23
2016-11-06,Tea,17
2016-11-06,Pastry,15
2016-11-06,Alfajores,14
2016-11-06,Hot chocolate,10
2016-11-06,Muffin,9
2016-11-06,Farm House,8
2016-11-06,Jam,7
2016-11-06,Cake,6
2016-11-06,Tartine,6
2016-11-06,Focaccia,5
2016-11-06,Medialuna,5
2016-11-06,Hearty & Seasonal,3
2016-11-06,Mighty Protein,3
2016-11-06,Mineral water,3
2016-11-06,Brownie,2
2016-11-06,Fudge,2
2016-11-06,Juice,2
2016-11-06,Pick and Mix Bowls,2
2016-11-06,Basket,1
2016-11-06,Dulce de Leche,1
2016-11-06,Empanadas,1
2016-11-06,My-5 Fruit Shoot,1
2016-11-06,Sandwich,1
2016-11-06,Soup,1
2016-11-06,Victorian Sponge,1
2016-11-07,Coffee,41
2016-11-07,Bread,27
2016-11-07,Muffin,13
2016-11-07,Tea,12
2016-11-07,Medialuna,10
2016-11-07,Scandinavian,10
2016-11-07,Pastry,8
2016-11-07,Alfajores,4
2016-11-07,Coke,3
2016-11-07,Cookies,3
2016-11-07,Empanadas,3
2016-11-07,Farm House,3
2016-11-07,Fudge,2
2016-11-07,Sandwich,2
2016-11-07,Soup,2
2016-11-07,Tartine,2
2016-11-07,Hearty & Seasonal,1
2016-11-07,Hot chocolate,1
2016-11-07,Keeping It Local,1
2016-11-08,Coffee,44
2016-11-08,Tea,11
2016-11-08,Farm House,10
2016-11-08,Pastry,9
2016-11-08,Alfajores,8
2016-11-08,Brownie,8
2016-11-08,Medialuna,7
2016-11-08,Soup,6
2016-11-08,Bread,5
2016-11-08,Hot chocolate,5
2016-11-08,Muffin,5
2016-11-08,Sandwich,5
2016-11-08,Hearty & Seasonal,4
2016-11-08,Scandinavian,4
2016-11-08,Art Tray,2
2016-11-08,Cookies,2
2016-11-08,Fudge,2
2016-11-08,Tartine,2
2016-11-08,Bowl Nic Pitt,1
2016-11-08,Bread Pudding,1
2016-11-08,Coke,1
2016-11-08,Focaccia,1
2016-11-08,Frittata,1
2016-11-08,Juice,1
2016-11-08,Keeping It Local,1
2016-11-09,Coffee,32
2016-11-09,Bread,21
2016-11-09,Medialuna,5
2016-11-09,Soup,5
2016-11-09,Cookies,4
2016-11-09,Pastry,4
2016-11-09,Tea,4
2016-11-09,Bread Pudding,3
2016-11-09,Brownie,3
2016-11-09,Focaccia,2
2016-11-09,Fudge,2
2016-11-09,Hearty & Seasonal,2
2016-11-09,Keeping It Local,2
2016-11-09,Sandwich,2
2016-11-09,Tartine,2
2016-11-09,Adjustment,1
2016-11-09,Coke,1
2016-11-09,Eggs,1
2016-11-09,Farm House,1
2016-11-09,Hot chocolate,1
2016-11-09,Jam,1
2016-11-09,Juice,1
2016-11-09,Muffin,1
2016-11-09,My-5 Fruit Shoot,1
2016-11-09,Scandinavian,1
2016-11-10,Coffee,37
2016-11-10,Bread,31
2016-11-10,Cookies,12
2016-11-10,Brownie,9
2016-11-10,Tea,9
2016-11-10,Alfajores,7
2016-11-10,Pastry,7
2016-11-10,Medialuna,6
2016-11-10,Hot chocolate,4
2016-11-10,Soup,4
2016-11-10,Empanadas,3
2016-11-10,Juice,3
2016-11-10,Sandwich,3
2016-11-10,Truffles,3
2016-11-10,Art Tray,2
2016-11-10,Focaccia,2
2016-11-10,Keeping It Local,2
2016-11-10,Scandinavian,2
2016-11-10,Tartine,2
2016-11-10,Chimichurri Oil,1
2016-11-10,Coke,1
2016-11-10,Farm House,1
2016-11-10,Fudge,1
2016-11-10,Hearty & Seasonal,1
2016-11-10,Jam,1
2016-11-10,Smoothies,1
2016-11-11,Coffee,40
2016-11-11,Bread,30
2016-11-11,Brownie,10
2016-11-11,Scandinavian,9
2016-11-11,Tea,9
2016-11-11,Medialuna,8
2016-11-11,Alfajores,7
2016-11-11,Muffin,6
2016-11-11,Pastry,6
2016-11-11,Farm House,5
2016-11-11,Hot chocolate,5
2016-11-11,Sandwich,5
2016-11-11,Soup,5
2016-11-11,Fudge,4
2016-11-11,Keeping It Local,3
2016-11-11,Cake,2
2016-11-11,Ella's Kitchen Pouches,2
2016-11-11,Hearty & Seasonal,2
2016-11-11,Juice,2
2016-11-11,Mineral water,2
2016-11-11,Truffles,2
2016-11-11,Art Tray,1
2016-11-11,Chimichurri Oil,1
2016-11-11,Coke,1
2016-11-11,Cookies,1
2016-11-11,Fairy Doors,1
2016-11-11,Focaccia,1
2016-11-11,Frittata,1
2016-11-11,Jam,1
2016-11-11,My-5 Fruit Shoot,1
2016-11-12,Coffee,55
2016-11-12,Bread,38
2016-11-12,Muffin,21
2016-11-12,Alfajores,13
2016-11-12,Medialuna,13
2016-11-12,Brownie,11
2016-11-12,Tea,9
2016-11-12,Farm House,8
2016-11-12,Scandinavian,8
2016-11-12,Truffles,7
2016-11-12,Hot chocolate,6
2016-11-12,Frittata,5
2016-11-12,Hearty & Seasonal,4
2016-11-12,Pastry,4
2016-11-12,Soup,4
2016-11-12,Cookies,2
2016-11-12,Jam,2
2016-11-12,Juice,2
2016-11-12,Keeping It Local,2
2016-11-12,Sandwich,2
2016-11-12,Bowl Nic Pitt,1
2016-11-12,Coke,1
2016-11-12,Eggs,1
2016-11-12,Fudge,1
2016-11-12,Tartine,1
2016-11-13,Coffee,41
2016-11-13,Bread,39
2016-11-13,Brownie,11
2016-11-13,Medialuna,9
2016-11-13,Muffin,8
2016-11-13,Pastry,8
2016-11-13,Tea,7
2016-11-13,Hearty & Seasonal,5
2016-11-13,Keeping It Local,5
2016-11-13,Kids biscuit,4
2016-11-13,Hot chocolate,3
2016-11-13,Alfajores,2
2016-11-13,Art Tray,2
2016-11-13,Farm House,2
2016-11-13,Fudge,2
2016-11-13,Jam,2
2016-11-13,Juice,2
2016-11-13,Mineral water,2
2016-11-13,My-5 Fruit Shoot,2
2016-11-13,Sandwich,2
2016-11-13,Tartine,2
2016-11-13,Bacon,1
2016-11-13,Cake,1
2016-11-13,Coke,1
2016-11-13,Cookies,1
2016-11-13,Frittata,1
2016-11-13,Scandinavian,1
2016-11-13,Spread,1
2016-11-14,Coffee,38
2016-11-14,Bread,21
2016-11-14,Tea,13
2016-11-14,Muffin,10
2016-11-14,Sandwich,9
2016-11-14,Farm House,7
2016-11-14,Truffles,7
2016-11-14,Medialuna,6
2016-11-14,Hot chocolate,4
2016-11-14,Keeping It Local,4
2016-11-14,Pastry,4
2016-11-14,Soup,4
2016-11-14,Hearty & Seasonal,3
2016-11-14,Kids biscuit,3
2016-11-14,Art Tray,2
2016-11-14,Cookies,2
2016-11-14,Frittata,2
2016-11-14,Fudge,2
2016-11-14,Alfajores,1
2016-11-14,Ella's Kitchen Pouches,1
2016-11-14,Focaccia,1
2016-11-14,Jam,1
2016-11-14,Juice,1
2016-11-14,Mineral water,1
2016-11-14,Scandinavian,1
2016-11-15,Coffee,39
2016-11-15,Bread,22
2016-11-15,Soup,10
2016-11-15,Medialuna,8
2016-11-15,Tea,7
2016-11-15,Pastry,6
2016-11-15,Scandinavian,5
2016-11-15,Hearty & Seasonal,4
2016-11-15,Keeping It Local,4
2016-11-15,Truffles,4
2016-11-15,Coke,3
2016-11-15,Muffin,3
2016-11-15,Sandwich,3
2016-11-15,Brownie,2
2016-11-15,Farm House,2
2016-11-15,Fudge,1
2016-11-15,Hot chocolate,1
2016-11-15,Kids biscuit,1
2016-11-16,Coffee,30
2016-11-16,Bread,26
2016-11-16,Tea,12
2016-11-16,Soup,11
2016-11-16,Cake,9
2016-11-16,Pastry,6
2016-11-16,Scandinavian,5
2016-11-16,Medialuna,4
2016-11-16,Sandwich,4
2016-11-16,Brownie,3
2016-11-16,Muffin,3
2016-11-16,Hearty & Seasonal,2
2016-11-16,Hot chocolate,2
2016-11-16,Jam,2
2016-11-16,Mineral water,2
2016-11-16,Tartine,2
2016-11-16,Coke,1
2016-11-16,Fudge,1
2016-11-16,Granola,1
2016-11-16,Juice,1
2016-11-16,Victorian Sponge,1
2016-11-17,Coffee,38
2016-11-17,Bread,23
2016-11-17,Alfajores,9
2016-11-17,Tea,9
2016-11-17,Cake,5
2016-11-17,Hearty & Seasonal,5
2016-11-17,Pastry,5
2016-11-17,Scandinavian,5
2016-11-17,Soup,5
2016-11-17,Hot chocolate,4
2016-11-17,Keeping It Local,4
2016-11-17,Medialuna,4
2016-11-17,Muffin,4
2016-11-17,Brownie,3
2016-11-17,Farm House,3
2016-11-17,Sandwich,2
2016-11-17,Siblings,2
2016-11-17,Art Tray,1
2016-11-17,Cookies,1
2016-11-17,Fudge,1
2016-11-17,Jam,1
2016-11-17,Mineral water,1
2016-11-18,Coffee,43
2016-11-18,Bread,27
2016-11-18,Tea,12
2016-11-18,Pastry,10
2016-11-18,Soup,10
2016-11-18,Farm House,9
2016-11-18,Medialuna,8
2016-11-18,Alfajores,6
2016-11-18,Brownie,4
2016-11-18,Sandwich,4
2016-11-18,Coke,3
2016-11-18,Cookies,3
2016-11-18,Muffin,3
2016-11-18,Art Tray,2
2016-11-18,Fudge,2
2016-11-18,Hearty & Seasonal,2
2016-11-18,Hot chocolate,2
2016-11-18,Keeping It Local,2
2016-11-18,Mineral water,2
2016-11-18,Scandinavian,2
2016-11-18,Cake,1
2016-11-18,My-5 Fruit Shoot,1
2016-11-19,Coffee,64
2016-11-19,Bread,41
2016-11-19,Tea,17
2016-11-19,Medialuna,14
2016-11-19,Pastry,10
2016-11-19,Muffin,8
2016-11-19,Focaccia,5
2016-11-19,Hot chocolate,5
2016-11-19,Keeping It Local,5
2016-11-19,Jammie Dodgers,4
2016-11-19,Kids biscuit,4
2016-11-19,Scandinavian,4
2016-11-19,Alfajores,3
2016-11-19,Caramel bites,3
2016-11-19,Farm House,3
2016-11-19,Sandwich,3
2016-11-19,Soup,3
2016-11-19,Tartine,3
2016-11-19,Cake,2
2016-11-19,Mineral water,2
2016-11-19,Cookies,1
2016-11-19,Ella's Kitchen Pouches,1
2016-11-19,Fudge,1
2016-11-19,Hearty & Seasonal,1
2016-11-19,Jam,1
2016-11-19,My-5 Fruit Shoot,1
2016-11-20,Coffee,37
2016-11-20,Bread,28
2016-11-20,Cake,15
2016-11-20,Medialuna,11
2016-11-20,Alfajores,8
2016-11-20,Farm House,8
2016-11-20,Brownie,7
2016-11-20,Hot chocolate,7
2016-11-20,Pastry,6
2016-11-20,Tea,6
2016-11-20,Mineral water,5
2016-11-20,Sandwich,5
2016-11-20,Truffles,5
2016-11-20,Cookies,3
2016-11-20,Juice,3
2016-11-20,Keeping It Local,3
2016-11-20,Scandinavian,3
2016-11-20,Jam,2
2016-11-20,My-5 Fruit Shoot,2
2016-11-20,Dulce de Leche,1
2016-11-20,Focaccia,1
2016-11-20,Fudge,1
2016-11-20,Smoothies,1
2016-11-20,Tartine,1
2016-11-21,Coffee,30
2016-11-21,Bread,10
2016-11-21,Tea,7
2016-11-21,Farm House,5
2016-11-21,Medialuna,5
2016-11-21,Pastry,5
2016-11-21,Keeping It Local,4
2016-11-21,Brownie,3
2016-11-21,Cake,3
2016-11-21,Alfajores,2
2016-11-21,Cookies,2
2016-11-21,Hot chocolate,2
2016-11-21,Juice,2
2016-11-21,Sandwich,2
2016-11-21,Fudge,1
2016-11-21,Muffin,1
2016-11-21,My-5 Fruit Shoot,1
2016-11-21,Scandinavian,1
2016-11-21,Smoothies,1
2016-11-21,Truffles,1
2016-11-22,Coffee,25
2016-11-22,Bread,12
2016-11-22,Cake,8
2016-11-22,Tea,8
2016-11-22,Medialuna,7
2016-11-22,Brownie,5
2016-11-22,Hot chocolate,4
2016-11-22,Pastry,3
2016-11-22,Scandinavian,3
2016-11-22,Cookies,2
2016-11-22,Keeping It Local,2
2016-11-22,Sandwich,2
2016-11-22,Alfajores,1
2016-11-22,Coke,1
2016-11-22,Fudge,1
2016-11-22,Mineral water,1
2016-11-23,Coffee,26
2016-11-23,Bread,11
2016-11-23,Tea,7
2016-11-23,Cookies,6
2016-11-23,Medialuna,5
2016-11-23,Cake,4
2016-11-23,Sandwich,4
2016-11-23,Hot chocolate,3
2016-11-23,Brownie,2
2016-11-23,Keeping It Local,2
2016-11-23,Alfajores,1
2016-11-23,Coke,1
2016-11-23,Jam,1
2016-11-23,Juice,1
2016-11-23,Mineral water,1
2016-11-23,Olum & polenta,1
2016-11-23,Pastry,1
2016-11-23,Polenta,1
2016-11-23,Tiffin,1
2016-11-24,Coffee,30
2016-11-24,Bread,21
2016-11-24,Tea,12
2016-11-24,Cake,10
2016-11-24,Sandwich,6
2016-11-24,Pastry,5
2016-11-24,Alfajores,4
2016-11-24,Brownie,4
2016-11-24,Hot chocolate,3
2016-11-24,Medialuna,3
2016-11-24,Art Tray,2
2016-11-24,Hack the stack,2
2016-11-24,Keeping It Local,2
2016-11-24,Coke,1
2016-11-24,Cookies,1
2016-11-24,Ella's Kitchen Pouches,1
2016-11-24,Fudge,1
2016-11-24,Hearty & Seasonal,1
2016-11-24,My-5 Fruit Shoot,1
2016-11-24,Smoothies,1
2016-11-24,The Nomad,1
2016-11-25,Coffee,38
2016-11-25,Bread,26
2016-11-25,Tea,9
2016-11-25,Medialuna,8
2016-11-25,Pastry,7
2016-11-25,Alfajores,6
2016-11-25,Sandwich,5
2016-11-25,Brownie,4
2016-11-25,Cake,3
2016-11-25,Keeping It Local,3
2016-11-25,Mineral water,3
2016-11-25,Juice,2
2016-11-25,Art Tray,1
2016-11-25,Cookies,1
2016-11-25,Farm House,1
2016-11-25,Focaccia,1
2016-11-25,Hot chocolate,1
2016-11-25,Jam,1
2016-11-25,Tartine,1
2016-11-26,Coffee,46
2016-11-26,Bread,32
2016-11-26,Tea,14
2016-11-26,Muffin,12
2016-11-26,Medialuna,10
2016-11-26,Pastry,9
2016-11-26,Scandinavian,9
2016-11-26,Alfajores,8
2016-11-26,Cake,8
2016-11-26,Sandwich,7
2016-11-26,Hot chocolate,4
2016-11-26,Bakewell,3
2016-11-26,Juice,2
2016-11-26,Tartine,2
2016-11-26,Coke,1
2016-11-26,Cookies,1
2016-11-26,Farm House,1
2016-11-26,Focaccia,1
2016-11-26,Fudge,1
2016-11-26,Jam,1
2016-11-26,Mineral water,1
2016-11-26,The Nomad,1
2016-11-27,Coffee,47
2016-11-27,Bread,14
2016-11-27,Hot chocolate,8
2016-11-27,Tea,8
2016-11-27,Brownie,7
2016-11-27,Hearty & Seasonal,7
2016-11-27,Medialuna,7
2016-11-27,Bakewell,6
2016-11-27,Muffin,6
2016-11-27,Pastry,6
2016-11-27,Cake,5
2016-11-27,Jammie Dodgers,5
2016-11-27,Alfajores,4
2016-11-27,Juice,4
2016-11-27,Art Tray,2
2016-11-27,Cookies,2
2016-11-27,Farm House,2
2016-11-27,Fudge,2
2016-11-27,Keeping It Local,2
2016-11-27,Smoothies,2
2016-11-27,Mineral water,1
2016-11-27,Sandwich,1
2016-11-27,Tartine,1
2016-11-27,The Nomad,1
2016-11-28,Coffee,29
2016-11-28,Bread,17
2016-11-28,Pastry,7
2016-11-28,Tea,6
2016-11-28,Cookies,4
2016-11-28,Medialuna,4
2016-11-28,Lemon and coconut,3
2016-11-28,Sandwich,3
2016-11-28,Cake,2
2016-11-28,Ella's Kitchen Pouches,2
2016-11-28,Hot chocolate,2
2016-11-28,Bakewell,1
2016-11-28,Jam,1
2016-11-28,Keeping It Local,1
2016-11-28,Smoothies,1
2016-11-28,Tartine,1
2016-11-28,Tiffin,1
2016-11-29,Coffee,24
2016-11-29,Bread,16
2016-11-29,Tea,11
2016-11-29,Muffin,6
2016-11-29,Pastry,6
2016-11-29,Cake,5
2016-11-29,Farm House,3
2016-11-29,Medialuna,3
2016-11-29,Sandwich,3
2016-11-29,Coke,2
2016-11-29,Cookies,2
2016-11-29,Hot chocolate,2
2016-11-29,Keeping It Local,2
2016-11-29,Scandinavian,2
2016-11-29,Tiffin,2
2016-11-29,Alfajores,1
2016-11-29,Fudge,1
2016-11-29,Jam,1
2016-11-29,Juice,1
2016-11-30,Coffee,25
2016-11-30,Bread,21
2016-11-30,Hot chocolate,7
2016-11-30,Tea,7
2016-11-30,Cookies,5
2016-11-30,Keeping It Local,5
2016-11-30,Muffin,4
2016-11-30,Alfajores,3
2016-11-30,Cake,3
2016-11-30,Medialuna,3
2016-11-30,Pastry,3
2016-11-30,Tiffin,3
2016-11-30,Farm House,2
2016-11-30,Fudge,2
2016-11-30,Jammie Dodgers,2
2016-11-30,Sandwich,2
2016-11-30,Smoothies,2
2016-11-30,Art Tray,1
2016-11-30,Jam,1
2016-11-30,Mineral water,1
2016-12-01,Coffee,22
2016-12-01,Bread,19
2016-12-01,Pastry,8
2016-12-01,Tea,6
2016-12-01,Cake,3
2016-12-01,Farm House,3
2016-12-01,Hot chocolate,3
2016-12-01,Medialuna,3
2016-12-01,Muffin,3
2016-12-01,Fudge,2
2016-12-01,Sandwich,2
2016-12-01,Alfajores,1
2016-12-01,Coke,1
2016-12-01,Hearty & Seasonal,1
2016-12-01,Jam,1
2016-12-01,Juice,1
2016-12-01,Keeping It Local,1
2016-12-01,Scandinavian,1
2016-12-01,Spread,1
2016-12-01,The Nomad,1
2016-12-02,Coffee,30
2016-12-02,Bread,18
2016-12-02,Sandwich,12
2016-12-02,Scone,6
2016-12-02,Cake,5
2016-12-02,Medialuna,5
2016-12-02,Pastry,5
2016-12-02,Tea,5
2016-12-02,Hot chocolate,4
2016-12-02,Coke,2
2016-12-02,Cookies,2
2016-12-02,Fudge,2
2016-12-02,Alfajores,1
2016-12-02,Farm House,1
2016-12-02,Keeping It Local,1
2016-12-02,Mineral water,1
2016-12-02,Muffin,1
2016-12-02,Scandinavian,1
2016-12-02,Toast,1
2016-12-02,Truffles,1
2016-12-03,Coffee,45
2016-12-03,Bread,36
2016-12-03,Scone,16
2016-12-03,Cake,12
2016-12-03,Tea,11
2016-12-03,Medialuna,10
2016-12-03,Pastry,9
2016-12-03,Hot chocolate,8
2016-12-03,Sandwich,8
2016-12-03,Muffin,7
2016-12-03,Fudge,4
2016-12-03,Jam,4
2016-12-03,Juice,4
2016-12-03,Scandinavian,4
2016-12-03,Alfajores,3
2016-12-03,Farm House,3
2016-12-03,Coke,1
2016-12-03,Cookies,1
2016-12-03,Mineral water,1
2016-12-03,Smoothies,1
2016-12-03,Tartine,1
2016-12-03,Toast,1
2016-12-03,Truffles,1
2016-12-04,Coffee,35
2016-12-04,Bread,22
2016-12-04,Medialuna,10
2016-12-04,Tea,7
2016-12-04,Hot chocolate,6
2016-12-04,Cookies,5
2016-12-04,Muffin,5
2016-12-04,Pastry,5
2016-12-04,Cake,4
2016-12-04,Crepes,4
2016-12-04,Toast,4
2016-12-04,Alfajores,3
2016-12-04,Truffles,3
2016-12-04,Farm House,2
2016-12-04,Fudge,2
2016-12-04,Scone,2
2016-12-04,Ella's Kitchen Pouches,1
2016-12-04,Sandwich,1
2016-12-05,Coffee,41
2016-12-05,Bread,17
2016-12-05,Sandwich,8
2016-12-05,Medialuna,7
2016-12-05,Muffin,7
2016-12-05,Tea,7
2016-12-05,Alfajores,6
2016-12-05,Pastry,6
2016-12-05,Cookies,4
2016-12-05,Farm House,3
2016-12-05,Toast,3
2016-12-05,Juice,2
2016-12-05,Cake,1
2016-12-05,Coke,1
2016-12-05,Dulce de Leche,1
2016-12-05,Hearty & Seasonal,1
2016-12-05,Hot chocolate,1
2016-12-05,Jam,1
2016-12-06,Coffee,33
2016-12-06,Bread,24
2016-12-06,Tea,10
2016-12-06,Cake,5
2016-12-06,Cookies,5
2016-12-06,Muffin,5
2016-12-06,Pastry,5
2016-12-06,Alfajores,4
2016-12-06,Medialuna,4
2016-12-06,Farm House,3
2016-12-06,Hot chocolate,3
2016-12-06,Sandwich,3
2016-12-06,Juice,2
2016-12-06,Mineral water,2
2016-12-06,Coke,1
2016-12-06,Toast,1
2016-12-07,Coffee,22
2016-12-07,Bread,17
2016-12-07,Tea,7
2016-12-07,Cake,4
2016-12-07,Hot chocolate,4
2016-12-07,Sandwich,4
2016-12-07,Toast,4
2016-12-07,Farm House,3
2016-12-07,Alfajores,2
2016-12-07,Coke,2
2016-12-07,Cookies,2
2016-12-07,Jam,2
2016-12-07,Juice,2
2016-12-07,Medialuna,2
2016-12-07,Crepes,1
2016-12-07,Fudge,1
2016-12-07,Mineral water,1
2016-12-07,Truffles,1
2016-12-08,Coffee,21
2016-12-08,Bread,10
2016-12-08,Cake,8
2016-12-08,Pastry,6
2016-12-08,Tea,5
2016-12-08,Farm House,2
2016-12-08,Medialuna,2
2016-12-08,Toast,2
2016-12-08,Truffles,2
2016-12-08,Alfajores,1
2016-12-08,Brownie,1
2016-12-08,Cookies,1
2016-12-08,Hearty & Seasonal,1
2016-12-08,Juice,1
2016-12-08,Mineral water,1
2016-12-08,Sandwich,1
2016-12-08,Vegan mincepie,1
2016-12-09,Coffee,28
2016-12-09,Bread,23
2016-12-09,Tea,10
2016-12-09,Brownie,7
2016-12-09,Alfajores,5
2016-12-09,Medialuna,5
2016-12-09,Sandwich,5
2016-12-09,Cake,4
2016-12-09,Fudge,4
2016-12-09,Scone,4
2016-12-09,Toast,3
2016-12-09,Farm House,2
2016-12-09,Hearty & Seasonal,2
2016-12-09,Jam,2
2016-12-09,Juice,2
2016-12-09,Mineral water,2
2016-12-09,Scandinavian,2
2016-12-09,The Nomad,2
2016-12-09,Coke,1
2016-12-09,Crepes,1
2016-12-09,Hot chocolate,1
2016-12-10,Coffee,37
2016-12-10,Bread,28
2016-12-10,Tea,18
2016-12-10,Sandwich,9
2016-12-10,Scone,9
2016-12-10,Cake,6
2016-12-10,Frittata,6
2016-12-10,Scandinavian,6
2016-12-10,Farm House,5
2016-12-10,Juice,5
2016-12-10,Medialuna,5
2016-12-10,Pastry,5
2016-12-10,Hot chocolate,4
2016-12-10,Focaccia,3
2016-12-10,Jam,3
2016-12-10,Mineral water,3
2016-12-10,Art Tray,2
2016-12-10,Brownie,2
2016-12-10,Toast,2
2016-12-10,Truffles,2
2016-12-10,Vegan mincepie,2
2016-12-10,Coke,1
2016-12-10,Jammie Dodgers,1
2016-12-11,Coffee,29
2016-12-11,Bread,16
2016-12-11,Medialuna,9
2016-12-11,Alfajores,3
2016-12-11,Bakewell,3
2016-12-11,Farm House,3
2016-12-11,Hot chocolate,3
2016-12-11,Mineral water,3
2016-12-11,Scandinavian,3
2016-12-11,Tea,3
2016-12-11,Toast,3
2016-12-11,Frittata,2
2016-12-11,Scone,2
2016-12-11,Coke,1
2016-12-11,Cookies,1
2016-12-11,Fudge,1
2016-12-11,Jam,1
2016-12-11,Muffin,1
2016-12-11,Pastry,1
2016-12-11,Sandwich,1
2016-12-11,Smoothies,1
2016-12-11,Truffles,1
2016-12-11,Vegan mincepie,1
2016-12-12,Bread,23
2016-12-12,Coffee,21
2016-12-12,Cake,6
2016-12-12,Tea,6
2016-12-12,Vegan mincepie,5
2016-12-12,Jam,4
2016-12-12,Pastry,4
2016-12-12,Sandwich,4
2016-12-12,Toast,4
2016-12-12,Bakewell,2
2016-12-12,Hot chocolate,2
2016-12-12,Medialuna,2
2016-12-12,Mineral water,2
2016-12-12,Alfajores,1
2016-12-12,Frittata,1
2016-12-12,Fudge,1
2016-12-12,Jammie Dodgers,1
2016-12-12,Juice,1
2016-12-12,Truffles,1
2016-12-13,Coffee,27
2016-12-13,Bread,14
2016-12-13,Tea,7
2016-12-13,Jam,5
2016-12-13,Fudge,4
2016-12-13,Medialuna,4
2016-12-13,Alfajores,3
2016-12-13,Bakewell,3
2016-12-13,Farm House,3
2016-12-13,Pastry,3
2016-12-13,Scandinavian,3
2016-12-13,Toast,2
2016-12-13,Truffles,2
2016-12-13,Vegan mincepie,2
2016-12-13,Art Tray,1
2016-12-13,Cake,1
2016-12-13,Coke,1
2016-12-13,Cookies,1
2016-12-13,Frittata,1
2016-12-13,Hot chocolate,1
2016-12-13,Muffin,1
2016-12-13,Sandwich,1
2016-12-14,Coffee,31
2016-12-14,Bread,18
2016-12-14,Tea,11
2016-12-14,Alfajores,4
2016-12-14,Toast,4
2016-12-14,Jammie Dodgers,3
2016-12-14,Juice,3
2016-12-14,Muffin,3
2016-12-14,Pastry,3
2016-12-14,Sandwich,3
2016-12-14,Coke,2
2016-12-14,Farm House,2
2016-12-14,Hot chocolate,2
2016-12-14,Medialuna,2
2016-12-14,Vegan mincepie,2
2016-12-14,Art Tray,1
2016-12-14,Cake,1
2016-12-14,Fudge,1
2016-12-14,Jam,1
2016-12-14,Truffles,1
2016-12-15,Coffee,37
2016-12-15,Bread,27
2016-12-15,Hot chocolate,8
2016-12-15,Pastry,8
2016-12-15,Sandwich,4
2016-12-15,Tea,4
2016-12-15,Vegan mincepie,4
2016-12-15,Farm House,3
2016-12-15,Fudge,3
2016-12-15,Medialuna,3
2016-12-15,Alfajores,2
2016-12-15,Bare Popcorn,1
2016-12-15,Coke,1
2016-12-15,Cookies,1
2016-12-15,Dulce de Leche,1
2016-12-15,Ella's Kitchen Pouches,1
2016-12-15,Jammie Dodgers,1
2016-12-15,Toast,1
2016-12-16,Coffee,44
2016-12-16,Bread,23
2016-12-16,Tea,15
2016-12-16,Jam,9
2016-12-16,Pastry,6
2016-12-16,Sandwich,6
2016-12-16,Toast,6
2016-12-16,Alfajores,4
2016-12-16,Cookies,4
2016-12-16,Farm House,4
2016-12-16,Fudge,4
2016-12-16,Scone,4
2016-12-16,Brownie,3
2016-12-16,Juice,3
2016-12-16,Truffles,3
2016-12-16,Vegan mincepie,3
2016-12-16,Cake,2
2016-12-16,Ella's Kitchen Pouches,2
2016-12-16,Muesli,2
2016-12-16,Dulce de Leche,1
2016-12-16,Jammie Dodgers,1
2016-12-16,Medialuna,1
2016-12-16,Scandinavian,1
2016-12-17,Coffee,28
2016-12-17,Bread,27
2016-12-17,Scone,8
2016-12-17,Tea,8
2016-12-17,Farm House,6
2016-12-17,Medialuna,6
2016-12-17,Pastry,6
2016-12-17,Pintxos,6
2016-12-17,Vegan mincepie,6
2016-12-17,Cake,5
2016-12-17,Fudge,5
2016-12-17,Hot chocolate,5
2016-12-17,Jam,5
2016-12-17,Cookies,4
2016-12-17,Juice,4
2016-12-17,Coke,3
2016-12-17,Frittata,3
2016-12-17,Alfajores,2
2016-12-17,Focaccia,2
2016-12-17,Scandinavian,2
2016-12-17,The Nomad,2
2016-12-17,Crisps,1
2016-12-17,Dulce de Leche,1
2016-12-17,Lemon and coconut,1
2016-12-17,Sandwich,1
2016-12-18,Coffee,34
2016-12-18,Bread,18
2016-12-18,Hot chocolate,7
2016-12-18,Medialuna,6
2016-12-18,Brownie,5
2016-12-18,Cookies,3
2016-12-18,Fudge,3
2016-12-18,Tea,3
2016-12-18,Vegan mincepie,3
2016-12-18,Cake,2
2016-12-18,Dulce de Leche,2
2016-12-18,Frittata,2
2016-12-18,Juice,2
2016-12-18,Scone,2
2016-12-18,Coke,1
2016-12-18,Crisps,1
2016-12-18,Farm House,1
2016-12-18,Mineral water,1
2016-12-18,Muesli,1
2016-12-18,Pastry,1
2016-12-18,Tartine,1
2016-12-18,The Nomad,1
2016-12-18,Toast,1
2016-12-19,Coffee,42
2016-12-19,Bread,24
2016-12-19,Tea,16
2016-12-19,Sandwich,11
2016-12-19,Brownie,6
2016-12-19,Cookies,6
2016-12-19,Fudge,6
2016-12-19,Medialuna,6
2016-12-19,Cake,5
2016-12-19,Hot chocolate,5
2016-12-19,Juice,3
2016-12-19,Truffles,3
2016-12-19,Coke,2
2016-12-19,Farm House,2
2016-12-19,Hearty & Seasonal,2
2016-12-19,Toast,2
2016-12-19,Focaccia,1
2016-12-19,Jam,1
2016-12-19,Mineral water,1
2016-12-19,Pastry,1
2016-12-19,Scandinavian,1
2016-12-19,Scone,1
2016-12-19,Smoothies,1
2016-12-20,Coffee,32
2016-12-20,Bread,14
2016-12-20,Cake,8
2016-12-20,Hot chocolate,5
2016-12-20,Pastry,5
2016-12-20,Tea,5
2016-12-20,Cookies,4
2016-12-20,Farm House,4
2016-12-20,Medialuna,4
2016-12-20,Juice,3
2016-12-20,Sandwich,3
2016-12-20,Toast,3
2016-12-20,Hearty & Seasonal,2
2016-12-20,Brownie,1
2016-12-20,Scandinavian,1
2016-12-20,The Nomad,1
2016-12-21,Coffee,41
2016-12-21,Bread,21
2016-12-21,Cake,9
2016-12-21,Pastry,6
2016-12-21,Tea,6
2016-12-21,Hot chocolate,5
2016-12-21,Sandwich,5
2016-12-21,Cookies,4
2016-12-21,Medialuna,4
2016-12-21,Coke,3
2016-12-21,Fudge,3
2016-12-21,Brownie,2
2016-12-21,Scandinavian,2
2016-12-21,Gingerbread syrup,1
2016-12-21,Jam,1
2016-12-21,Juice,1
2016-12-21,Mineral water,1
2016-12-21,Muffin,1
2016-12-21,Smoothies,1
2016-12-21,Toast,1
2016-12-21,Truffles,1
2016-12-22,Coffee,23
2016-12-22,Bread,21
2016-12-22,Tea,14
2016-12-22,Cake,10
2016-12-22,Pastry,6
2016-12-22,Brownie,5
2016-12-22,Hot chocolate,5
2016-12-22,Fudge,4
2016-12-22,Medialuna,4
2016-12-22,Muffin,4
2016-12-22,Jam,3
2016-12-22,Juice,3
2016-12-22,Sandwich,3
2016-12-22,Cookies,2
2016-12-22,Panatone,2
2016-12-22,Art Tray,1
2016-12-22,Bare Popcorn,1
2016-12-22,Coke,1
2016-12-22,Farm House,1
2016-12-22,Mineral water,1
2016-12-22,The Nomad,1
2016-12-22,Toast,1
2016-12-22,Truffles,1
2016-12-23,Coffee,33
2016-12-23,Bread,26
2016-12-23,Cake,10
2016-12-23,Hot chocolate,9
2016-12-23,Tea,9
2016-12-23,Scone,8
2016-12-23,Brownie,5
2016-12-23,Fudge,5
2016-12-23,Medialuna,5
2016-12-23,Pastry,5
2016-12-23,Sandwich,5
2016-12-23,Muffin,4
2016-12-23,Cookies,3
2016-12-23,Farm House,3
2016-12-23,Gingerbread syrup,3
2016-12-23,Juice,3
2016-12-23,Frittata,2
2016-12-23,Jam,2
2016-12-23,Brioche and salami,1
2016-12-23,Coke,1
2016-12-23,Panatone,1
2016-12-23,Scandinavian,1
2016-12-23,Smoothies,1
2016-12-23,The Nomad,1
2016-12-23,Toast,1
2016-12-23,Truffles,1
2016-12-24,Coffee,38
2016-12-24,Bread,27
2016-12-24,Hot chocolate,14
2016-12-24,Medialuna,9
2016-12-24,Pastry,9
2016-12-24,Tea,9
2016-12-24,Cake,8
2016-12-24,Sandwich,7
2016-12-24,Scone,7
2016-12-24,Cookies,5
2016-12-24,Farm House,5
2016-12-24,Focaccia,5
2016-12-24,Coke,4
2016-12-24,Fudge,3
2016-12-24,Jam,3
2016-12-24,Juice,3
2016-12-24,Scandinavian,3
2016-12-24,Toast,3
2016-12-24,Frittata,2
2016-12-24,Panatone,2
2016-12-24,Art Tray,1
2016-12-24,Crisps,1
2016-12-24,Gingerbread syrup,1
2016-12-27,Coffee,25
2016-12-27,Hot chocolate,4
2016-12-27,Medialuna,3
2016-12-27,Pastry,3
2016-12-27,Bread,2
2016-12-27,Cake,2
2016-12-27,Sandwich,2
2016-12-27,Tea,2
2016-12-27,Cookies,1
2016-12-27,Farm House,1
2016-12-27,Gingerbread syrup,1
2016-12-27,Toast,1
2016-12-28,Coffee,34
2016-12-28,Bread,24
2016-12-28,Hot chocolate,7
2016-12-28,Sandwich,6
2016-12-28,Cake,5
2016-12-28,Medialuna,5
2016-12-28,Tea,5
2016-12-28,Cookies,2
2016-12-28,Crisps,2
2016-12-28,Farm House,2
2016-12-28,Juice,2
2016-12-28,Pastry,2
2016-12-28,Toast,2
2016-12-28,Truffles,2
2016-12-28,Bare Popcorn,1
2016-12-28,Coke,1
2016-12-28,Fudge,1
2016-12-28,Muesli,1
2016-12-29,Coffee,43
2016-12-29,Bread,38
2016-12-29,Hot chocolate,9
2016-12-29,Cake,8
2016-12-29,Medialuna,7
2016-12-29,Toast,6
2016-12-29,Pastry,5
2016-12-29,Tea,5
2016-12-29,Cookies,4
2016-12-29,Juice,4
2016-12-29,Frittata,3
2016-12-29,Jammie Dodgers,3
2016-12-29,Smoothies,3
2016-12-29,Sandwich,2
2016-12-29,Coke,1
2016-12-29,Crisps,1
2016-12-29,Farm House,1
2016-12-29,Fudge,1
2016-12-29,Hearty & Seasonal,1
2016-12-29,Jam,1
2016-12-29,Lemon and coconut,1
2016-12-29,Scandinavian,1
2016-12-29,Truffles,1
2016-12-30,Coffee,29
2016-12-30,Bread,22
2016-12-30,Tea,9
2016-12-30,Hot chocolate,7
2016-12-30,Sandwich,6
2016-12-30,Medialuna,5
2016-12-30,Cake,4
2016-12-30,Jammie Dodgers,4
2016-12-30,Frittata,3
2016-12-30,Pastry,3
2016-12-30,Farm House,2
2016-12-30,Muesli,2
2016-12-30,Toast,2
2016-12-30,Vegan mincepie,2
2016-12-30,Coke,1
2016-12-30,Cookies,1
2016-12-30,Juice,1
2016-12-30,Lemon and coconut,1
2016-12-30,Smoothies,1
2016-12-30,The Nomad,1
2016-12-31,Coffee,27
2016-12-31,Bread,26
2016-12-31,Tea,12
2016-12-31,Farm House,6
2016-12-31,Hot chocolate,6
2016-12-31,Sandwich,6
2016-12-31,Jammie Dodgers,4
2016-12-31,Cake,3
2016-12-31,Medialuna,3
2016-12-31,Pastry,3
2016-12-31,Cookies,2
2016-12-31,Scandinavian,2
2016-12-31,Vegan mincepie,2
2016-12-31,Coke,1
2016-12-31,Frittata,1
2016-12-31,Toast,1
2017-01-01,Bread,1
2017-01-03,Coffee,34
2017-01-03,Bread,11
2017-01-03,Cake,9
2017-01-03,Sandwich,5
2017-01-03,Cookies,4
2017-01-03,Hot chocolate,4
2017-01-03,Tea,4
2017-01-03,Toast,4
2017-01-03,Vegan mincepie,4
2017-01-03,Muffin,3
2017-01-03,Frittata,2
2017-01-03,Farm House,1
2017-01-03,Juice,1
2017-01-03,Mineral water,1
2017-01-04,Coffee,26
2017-01-04,Bread,12
2017-01-04,Brownie,5
2017-01-04,Cake,5
2017-01-04,Hot chocolate,4
2017-01-04,Tea,4
2017-01-04,Cookies,3
2017-01-04,Medialuna,3
2017-01-04,Pastry,3
2017-01-04,Sandwich,3
2017-01-04,Farm House,2
2017-01-04,Juice,2
2017-01-04,Coke,1
2017-01-04,Muesli,1
2017-01-04,Muffin,1
2017-01-04,Toast,1
2017-01-05,Coffee,23
2017-01-05,Bread,21
2017-01-05,Sandwich,7
2017-01-05,Juice,6
2017-01-05,Hot chocolate,4
2017-01-05,Toast,4
2017-01-05,Truffles,4
2017-01-05,Brownie,3
2017-01-05,Cookies,3
2017-01-05,Frittata,3
2017-01-05,Medialuna,3
2017-01-05,Tea,3
2017-01-05,Farm House,2
2017-01-05,Muffin,2
2017-01-05,Pastry,2
2017-01-05,Cake,1
2017-01-05,Eggs,1
2017-01-05,Ella's Kitchen Pouches,1
2017-01-05,Fudge,1
2017-01-05,Vegan mincepie,1
2017-01-06,Coffee,29
2017-01-06,Bread,16
2017-01-06,Medialuna,6
2017-01-06,Toast,6
2017-01-06,Cookies,5
2017-01-06,Tea,4
2017-01-06,Sandwich,3
2017-01-06,Cake,2
2017-01-06,Farm House,2
2017-01-06,Frittata,2
2017-01-06,Muffin,2
2017-01-06,Pastry,2
2017-01-06,Afternoon with the baker,1
2017-01-06,Coke,1
2017-01-06,Juice,1
2017-01-06,Scandinavian,1
2017-01-06,Scone,1
2017-01-07,Coffee,55
2017-01-07,Bread,36
2017-01-07,Tea,14
2017-01-07,Sandwich,12
2017-01-07,Scone,10
2017-01-07,Medialuna,8
2017-01-07,Scandinavian,7
2017-01-07,Pastry,6
2017-01-07,Cake,5
2017-01-07,Frittata,5
2017-01-07,Hot chocolate,5
2017-01-07,Truffles,5
2017-01-07,Jammie Dodgers,4
2017-01-07,Muffin,4
2017-01-07,Farm House,2
2017-01-07,Focaccia,2
2017-01-07,Toast,2
2017-01-07,Afternoon with the baker,1
2017-01-07,Coke,1
2017-01-07,Fudge,1
2017-01-07,Mineral water,1
2017-01-07,Smoothies,1
2017-01-07,Tiffin,1
2017-01-08,Coffee,27
2017-01-08,Bread,22
2017-01-08,Sandwich,7
2017-01-08,Tiffin,6
2017-01-08,Medialuna,5
2017-01-08,Tea,5
2017-01-08,Hot chocolate,4
2017-01-08,The Nomad,4
2017-01-08,Cake,3
2017-01-08,Jammie Dodgers,2
2017-01-08,Muffin,2
2017-01-08,Pastry,2
2017-01-08,Smoothies,2
2017-01-08,Truffles,2
2017-01-08,Vegan mincepie,2
2017-01-08,Afternoon with the baker,1
2017-01-08,Cookies,1
2017-01-08,Farm House,1
2017-01-08,Frittata,1
2017-01-08,Hearty & Seasonal,1
2017-01-08,Juice,1
2017-01-08,Muesli,1
2017-01-08,Scandinavian,1
2017-01-09,Coffee,28
2017-01-09,Bread,10
2017-01-09,Tea,9
2017-01-09,Scone,5
2017-01-09,Farm House,4
2017-01-09,Medialuna,4
2017-01-09,Pastry,4
2017-01-09,Cake,3
2017-01-09,Cookies,3
2017-01-09,Juice,3
2017-01-09,Jammie Dodgers,2
2017-01-09,Muffin,2
2017-01-09,Toast,2
2017-01-09,Coke,1
2017-01-09,Sandwich,1
2017-01-09,The Nomad,1
2017-01-10,Coffee,18
2017-01-10,Bread,13
2017-01-10,Tea,7
2017-01-10,Cake,6
2017-01-10,Farm House,5
2017-01-10,Sandwich,4
2017-01-10,Scone,4
2017-01-10,Pastry,3
2017-01-10,Muffin,2
2017-01-10,Coke,1
2017-01-10,Cookies,1
2017-01-10,Frittata,1
2017-01-10,Fudge,1
2017-01-10,Hearty & Seasonal,1
2017-01-10,Hot chocolate,1
2017-01-10,Jammie Dodgers,1
2017-01-10,Scandinavian,1
2017-01-10,Toast,1
2017-01-11,Coffee,27
2017-01-11,Bread,17
2017-01-11,Cake,7
2017-01-11,Tea,6
2017-01-11,Hot chocolate,5
2017-01-11,Muffin,5
2017-01-11,Medialuna,4
2017-01-11,Sandwich,3
2017-01-11,Scandinavian,3
2017-01-11,Afternoon with the baker,2
2017-01-11,Cookies,2
2017-01-11,Farm House,2
2017-01-11,Pastry,2
2017-01-11,Scone,2
2017-01-11,Tiffin,2
2017-01-11,Toast,2
2017-01-11,Alfajores,1
2017-01-11,Art Tray,1
2017-01-11,Granola,1
2017-01-11,Hearty & Seasonal,1
2017-01-12,Coffee,23
2017-01-12,Bread,11
2017-01-12,Tea,8
2017-01-12,Toast,6
2017-01-12,Cake,3
2017-01-12,Cookies,3
2017-01-12,Jammie Dodgers,3
2017-01-12,Alfajores,2
2017-01-12,Coke,2
2017-01-12,Farm House,2
2017-01-12,Frittata,2
2017-01-12,Pastry,2
2017-01-12,Tiffin,2
2017-01-12,Hot chocolate,1
2017-01-12,Juice,1
2017-01-12,Vegan mincepie,1
2017-01-13,Coffee,32
2017-01-13,Bread,15
2017-01-13,Tea,9
2017-01-13,Cake,6
2017-01-13,Pastry,6
2017-01-13,Scone,5
2017-01-13,Toast,5
2017-01-13,Hot chocolate,4
2017-01-13,Alfajores,3
2017-01-13,Medialuna,3
2017-01-13,Sandwich,3
2017-01-13,Scandinavian,3
2017-01-13,Cookies,2
2017-01-13,Farm House,2
2017-01-13,Jammie Dodgers,2
2017-01-13,Salad,2
2017-01-13,Truffles,2
2017-01-13,Vegan mincepie,2
2017-01-13,Brownie,1
2017-01-13,Juice,1
2017-01-13,Tiffin,1
2017-01-14,Coffee,46
2017-01-14,Bread,29
2017-01-14,Tea,13
2017-01-14,Cake,11
2017-01-14,Hot chocolate,9
2017-01-14,Tiffin,9
2017-01-14,Medialuna,8
2017-01-14,Hearty & Seasonal,7
2017-01-14,Toast,7
2017-01-14,Alfajores,6
2017-01-14,Pastry,6
2017-01-14,Scone,6
2017-01-14,Brownie,5
2017-01-14,Cookies,5
2017-01-14,Afternoon with the baker,3
2017-01-14,Farm House,3
2017-01-14,Sandwich,3
2017-01-14,Scandinavian,3
2017-01-14,Juice,2
2017-01-14,Focaccia,1
2017-01-14,Frittata,1
2017-01-14,Fudge,1
2017-01-14,Mineral water,1
2017-01-14,Muffin,1
2017-01-14,Truffles,1
2017-01-15,Bread,29
2017-01-15,Coffee,29
2017-01-15,Cake,6
2017-01-15,Jammie Dodgers,6
2017-01-15,Tea,6
2017-01-15,Pastry,5
2017-01-15,Alfajores,4
2017-01-15,Medialuna,4
2017-01-15,Granola,3
2017-01-15,Juice,3
2017-01-15,Scone,3
2017-01-15,Brownie,2
2017-01-15,Farm House,2
2017-01-15,Hearty & Seasonal,2
2017-01-15,The Nomad,2
2017-01-15,Tiffin,2
2017-01-15,Toast,2
2017-01-15,Truffles,2
2017-01-15,Brioche and salami,1
2017-01-15,Cookies,1
2017-01-15,Gingerbread syrup,1
2017-01-15,Hot chocolate,1
2017-01-15,Mineral water,1
2017-01-15,Muffin,1
2017-01-15,Sandwich,1
2017-01-16,Bread,18
2017-01-16,Coffee,16
2017-01-16,Cookies,5
2017-01-16,Tea,5
2017-01-16,Medialuna,4
2017-01-16,Alfajores,2
2017-01-16,Coke,2
2017-01-16,Hot chocolate,2
2017-01-16,Scone,2
2017-01-16,Afternoon with the baker,1
2017-01-16,Brownie,1
2017-01-16,Cake,1
2017-01-16,Jammie Dodgers,1
2017-01-16,Juice,1
2017-01-16,Muffin,1
2017-01-16,Sandwich,1
2017-01-16,Scandinavian,1
2017-01-16,Toast,1
2017-01-16,Truffles,1
2017-01-17,Coffee,32
2017-01-17,Bread,11
2017-01-17,Tea,8
2017-01-17,Cake,6
2017-01-17,Sandwich,6
2017-01-17,Alfajores,5
2017-01-17,Pastry,3
2017-01-17,Toast,3
2017-01-17,Truffles,3
2017-01-17,Hearty & Seasonal,2
2017-01-17,Salad,2
2017-01-17,Chicken Stew,1
2017-01-17,Cookies,1
2017-01-17,Farm House,1
2017-01-17,Hot chocolate,1
2017-01-17,Jammie Dodgers,1
2017-01-17,Medialuna,1
2017-01-17,Muffin,1
2017-01-17,Scandinavian,1
2017-01-17,Smoothies,1
2017-01-17,Soup,1
2017-01-18,Coffee,16
2017-01-18,Tea,14
2017-01-18,Cake,9
2017-01-18,Bread,7
2017-01-18,Cookies,5
2017-01-18,Sandwich,4
2017-01-18,Coke,3
2017-01-18,Muffin,3
2017-01-18,Focaccia,2
2017-01-18,Hot chocolate,2
2017-01-18,Jammie Dodgers,2
2017-01-18,Juice,2
2017-01-18,Medialuna,2
2017-01-18,Pastry,2
2017-01-18,Soup,2
2017-01-18,Alfajores,1
2017-01-18,Crisps,1
2017-01-18,Ella's Kitchen Pouches,1
2017-01-18,Farm House,1
2017-01-18,Fudge,1
2017-01-18,Salad,1
2017-01-18,Scandinavian,1
2017-01-19,Coffee,31
2017-01-19,Bread,16
2017-01-19,Tea,9
2017-01-19,Cake,7
2017-01-19,Hot chocolate,7
2017-01-19,Sandwich,6
2017-01-19,Medialuna,5
2017-01-19,Pastry,5
2017-01-19,Tiffin,4
2017-01-19,Chicken Stew,3
2017-01-19,Farm House,3
2017-01-19,Juice,3
2017-01-19,Alfajores,2
2017-01-19,Cookies,2
2017-01-19,Muffin,2
2017-01-19,Soup,2
2017-01-19,Toast,2
2017-01-19,Coke,1
2017-01-19,Crisps,1
2017-01-19,Focaccia,1
2017-01-19,Granola,1
2017-01-19,Jammie Dodgers,1
2017-01-19,Mineral water,1
2017-01-19,Salad,1
2017-01-19,Scandinavian,1
2017-01-19,Spanish Brunch,1
2017-01-19,Truffles,1
2017-01-20,Coffee,41
2017-01-20,Bread,22
2017-01-20,Tea,13
2017-01-20,Pastry,7
2017-01-20,Sandwich,7
2017-01-20,Muffin,5
2017-01-20,Scone,5
2017-01-20,Cake,4
2017-01-20,Farm House,4
2017-01-20,Toast,4
2017-01-20,Cookies,3
2017-01-20,Medialuna,3
2017-01-20,Scandinavian,3
2017-01-20,Chicken Stew,2
2017-01-20,Hot chocolate,2
2017-01-20,Afternoon with the baker,1
2017-01-20,Alfajores,1
2017-01-20,Brownie,1
2017-01-20,Granola,1
2017-01-20,Juice,1
2017-01-20,Raspberry shortbread sandwich,1
2017-01-20,Salad,1
2017-01-20,Smoothies,1
2017-01-20,Tiffin,1
2017-01-20,Truffles,1
2017-01-20,Vegan mincepie,1
2017-01-21,Coffee,43
2017-01-21,Bread,27
2017-01-21,Cake,18
2017-01-21,Tea,11
2017-01-21,Hot chocolate,9
2017-01-21,Scone,9
2017-01-21,Brownie,8
2017-01-21,Medialuna,7
2017-01-21,Tiffin,6
2017-01-21,Sandwich,5
2017-01-21,Scandinavian,5
2017-01-21,Cookies,4
2017-01-21,Frittata,4
2017-01-21,Jammie Dodgers,4
2017-01-21,Juice,4
2017-01-21,Pastry,4
2017-01-21,Spanish Brunch,4
2017-01-21,Afternoon with the baker,3
2017-01-21,Alfajores,3
2017-01-21,Toast,3
2017-01-21,Extra Salami or Feta,2
2017-01-21,Farm House,2
2017-01-21,Fudge,2
2017-01-21,Coke,1
2017-01-21,Duck egg,1
2017-01-21,Granola,1
2017-01-21,Jam,1
2017-01-21,Muffin,1
2017-01-21,Raspberry shortbread sandwich,1
2017-01-21,Smoothies,1
2017-01-21,Truffles,1
2017-01-22,Coffee,42
2017-01-22,Bread,26
2017-01-22,Tea,12
2017-01-22,Cake,11
2017-01-22,Alfajores,6
2017-01-22,Hot chocolate,6
2017-01-22,Jammie Dodgers,6
2017-01-22,Scone,6
2017-01-22,Toast,6
2017-01-22,Sandwich,5
2017-01-22,Soup,5
2017-01-22,Juice,4
2017-01-22,Medialuna,4
2017-01-22,Pastry,4
2017-01-22,Smoothies,3
2017-01-22,Afternoon with the baker,2
2017-01-22,Cookies,2
2017-01-22,Frittata,2
2017-01-22,Salad,2
2017-01-22,The Nomad,2
2017-01-22,Tiffin,2
2017-01-22,Brownie,1
2017-01-22,Duck egg,1
2017-01-22,Eggs,1
2017-01-22,Extra Salami or Feta,1
2017-01-22,Fudge,1
2017-01-22,Raspberry shortbread sandwich,1
2017-01-22,Spanish Brunch,1
2017-01-22,Truffles,1
2017-01-23,Coffee,29
2017-01-23,Cake,18
2017-01-23,Bread,10
2017-01-23,Tea,10
2017-01-23,Hot chocolate,8
2017-01-23,Cookies,6
2017-01-23,Sandwich,6
2017-01-23,Soup,5
2017-01-23,Toast,4
2017-01-23,Pastry,2
2017-01-23,Alfajores,1
2017-01-23,Chicken Stew,1
2017-01-23,Coke,1
2017-01-23,Crisps,1
2017-01-23,Extra Salami or Feta,1
2017-01-23,Farm House,1
2017-01-23,Frittata,1
2017-01-23,Juice,1
2017-01-23,Medialuna,1
2017-01-23,Spanish Brunch,1
2017-01-24,Coffee,28
2017-01-24,Bread,20
2017-01-24,Tea,9
2017-01-24,Cake,7
2017-01-24,Chicken Stew,5
2017-01-24,Pastry,5
2017-01-24,Scandinavian,5
2017-01-24,Art Tray,3
2017-01-24,Cookies,3
2017-01-24,Focaccia,3
2017-01-24,Soup,3
2017-01-24,Spanish Brunch,3
2017-01-24,Coke,2
2017-01-24,Farm House,2
2017-01-24,Medialuna,2
2017-01-24,Muffin,2
2017-01-24,Salad,2
2017-01-24,Truffles,2
2017-01-24,Frittata,1
2017-01-24,Fudge,1
2017-01-24,Hot chocolate,1
2017-01-24,Juice,1
2017-01-24,Sandwich,1
2017-01-24,Vegan mincepie,1
2017-01-25,Bread,14
2017-01-25,Coffee,11
2017-01-25,Tea,10
2017-01-25,Sandwich,7
2017-01-25,Cake,4
2017-01-25,Medialuna,3
2017-01-25,Soup,3
2017-01-25,Baguette,2
2017-01-25,Coke,2
2017-01-25,Cookies,2
2017-01-25,Pastry,2
2017-01-25,Chicken Stew,1
2017-01-25,Eggs,1
2017-01-25,Farm House,1
2017-01-25,Hot chocolate,1
2017-01-25,Juice,1
2017-01-25,Muffin,1
2017-01-25,Scandinavian,1
2017-01-25,The Nomad,1
2017-01-25,Toast,1
2017-01-26,Coffee,27
2017-01-26,Bread,19
2017-01-26,Tea,12
2017-01-26,Muffin,9
2017-01-26,Cake,6
2017-01-26,Cookies,6
2017-01-26,Hot chocolate,4
2017-01-26,Juice,4
2017-01-26,Medialuna,4
2017-01-26,Sandwich,4
2017-01-26,Baguette,3
2017-01-26,Soup,3
2017-01-26,Spanish Brunch,3
2017-01-26,Chicken Stew,2
2017-01-26,Farm House,2
2017-01-26,Pastry,2
2017-01-26,Art Tray,1
2017-01-26,Jam,1
2017-01-26,Toast,1
2017-01-27,Coffee,43
2017-01-27,Bread,23
2017-01-27,Tea,14
2017-01-27,Cookies,10
2017-01-27,Soup,10
2017-01-27,Cake,8
2017-01-27,Muffin,6
2017-01-27,Pastry,5
2017-01-27,Scone,5
2017-01-27,Hot chocolate,4
2017-01-27,Juice,4
2017-01-27,Medialuna,4
2017-01-27,Sandwich,4
2017-01-27,Farm House,3
2017-01-27,Toast,3
2017-01-27,Truffles,3
2017-01-27,Bakewell,2
2017-01-27,Brownie,2
2017-01-27,Spanish Brunch,2
2017-01-27,Baguette,1
2017-01-27,Chicken Stew,1
2017-01-27,Extra Salami or Feta,1
2017-01-27,Scandinavian,1
2017-01-27,The Nomad,1
2017-01-28,Coffee,56
2017-01-28,Bread,42
2017-01-28,Tea,20
2017-01-28,Scone,11
2017-01-28,Hot chocolate,10
2017-01-28,Brownie,8
2017-01-28,Cake,8
2017-01-28,Medialuna,7
2017-01-28,Pastry,7
2017-01-28,Sandwich,7
2017-01-28,Juice,6
2017-01-28,Bakewell,5
2017-01-28,Frittata,5
2017-01-28,Baguette,4
2017-01-28,Focaccia,4
2017-01-28,Muffin,4
2017-01-28,Scandinavian,4
2017-01-28,Farm House,3
2017-01-28,Jam,3
2017-01-28,Salad,3
2017-01-28,Toast,3
2017-01-28,Cookies,2
2017-01-28,Extra Salami or Feta,2
2017-01-28,The Nomad,2
2017-01-28,Alfajores,1
2017-01-28,Chicken Stew,1
2017-01-28,Coke,1
2017-01-28,Eggs,1
2017-01-28,Gingerbread syrup,1
2017-01-28,Mineral water,1
2017-01-28,Smoothies,1
2017-01-28,Soup,1
2017-01-28,Spanish Brunch,1
2017-01-28,Valentine's card,1
2017-01-28,Vegan mincepie,1
2017-01-29,Coffee,31
2017-01-29,Bread,22
2017-01-29,Medialuna,10
2017-01-29,Pastry,10
2017-01-29,Tea,8
2017-01-29,Cookies,7
2017-01-29,Cake,6
2017-01-29,Hot chocolate,6
2017-01-29,Baguette,5
2017-01-29,Sandwich,5
2017-01-29,Spanish Brunch,4
2017-01-29,Brownie,3
2017-01-29,Farm House,3
2017-01-29,Scone,3
2017-01-29,Bakewell,2
2017-01-29,Chicken Stew,2
2017-01-29,Frittata,2
2017-01-29,Granola,2
2017-01-29,Juice,2
2017-01-29,Salad,2
2017-01-29,Soup,2
2017-01-29,Toast,2
2017-01-29,Alfajores,1
2017-01-29,Extra Salami or Feta,1
2017-01-29,Fudge,1
2017-01-29,Jam,1
2017-01-29,Muffin,1
2017-01-29,Smoothies,1
2017-01-29,The Nomad,1
2017-01-29,Truffles,1
2017-01-30,Coffee,20
2017-01-30,Bread,15
2017-01-30,Pastry,7
2017-01-30,Soup,5
2017-01-30,Hot chocolate,4
2017-01-30,Cake,3
2017-01-30,Cookies,3
2017-01-30,Sandwich,3
2017-01-30,Farm House,2
2017-01-30,Jam,2
2017-01-30,Tea,2
2017-01-30,Baguette,1
2017-01-30,Chicken Stew,1
2017-01-30,Coke,1
2017-01-30,Fudge,1
2017-01-30,Juice,1
2017-01-30,Scandinavian,1
2017-01-30,Toast,1
2017-01-31,Coffee,29
2017-01-31,Bread,17
2017-01-31,Cake,11
2017-01-31,Tea,11
2017-01-31,Cookies,6
2017-01-31,Pastry,5
2017-01-31,Sandwich,5
2017-01-31,Baguette,4
2017-01-31,Brownie,4
2017-01-31,Coke,3
2017-01-31,Toast,3
2017-01-31,Farm House,2
2017-01-31,Hot chocolate,2
2017-01-31,Juice,2
2017-01-31,Soup,2
2017-01-31,Spanish Brunch,2
2017-01-31,Bakewell,1
2017-01-31,Chicken Stew,1
2017-01-31,Salad,1
2017-01-31,Scandinavian,1
2017-01-31,The Nomad,1
2017-02-01,Bread,33
2017-02-01,Coffee,33
2017-02-01,Cake,9
2017-02-01,Tea,6
2017-02-01,Cookies,5
2017-02-01,Pastry,5
2017-02-01,Sandwich,5
2017-02-01,Hot chocolate,4
2017-02-01,Alfajores,3
2017-02-01,Baguette,3
2017-02-01,Coke,3
2017-02-01,Juice,2
2017-02-01,Toast,2
2017-02-01,Bakewell,1
2017-02-01,Brownie,1
2017-02-01,Chicken Stew,1
2017-02-01,Extra Salami or Feta,1
2017-02-01,Farm House,1
2017-02-01,Granola,1
2017-02-01,Medialuna,1
2017-02-01,Soup,1
2017-02-01,Spanish Brunch,1
2017-02-01,Truffles,1
2017-02-01,Vegan mincepie,1
2017-02-02,Bread,25
2017-02-02,Coffee,23
2017-02-02,Cake,11
2017-02-02,Tea,8
2017-02-02,Juice,6
2017-02-02,Sandwich,6
2017-02-02,Alfajores,5
2017-02-02,Cookies,5
2017-02-02,Farm House,3
2017-02-02,Hot chocolate,3
2017-02-02,Pastry,3
2017-02-02,Soup,3
2017-02-02,Baguette,2
2017-02-02,Bare Popcorn,2
2017-02-02,Chicken Stew,2
2017-02-02,Coke,2
2017-02-02,Spanish Brunch,2
2017-02-02,Brownie,1
2017-02-02,Extra Salami or Feta,1
2017-02-02,Fudge,1
2017-02-02,Jam,1
2017-02-02,Medialuna,1
2017-02-02,Mineral water,1
2017-02-02,Salad,1
2017-02-02,Scandinavian,1
2017-02-02,Toast,1
2017-02-02,Valentine's card,1
2017-02-03,Coffee,31
2017-02-03,Bread,29
2017-02-03,Tea,9
2017-02-03,Sandwich,8
2017-02-03,Soup,7
2017-02-03,Toast,7
2017-02-03,Cake,5
2017-02-03,Alfajores,4
2017-02-03,Cookies,4
2017-02-03,Pastry,4
2017-02-03,Truffles,4
2017-02-03,Farm House,3
2017-02-03,Hot chocolate,3
2017-02-03,Medialuna,3
2017-02-03,Scandinavian,3
2017-02-03,Scone,3
2017-02-03,Baguette,2
2017-02-03,Eggs,2
2017-02-03,Juice,2
2017-02-03,Afternoon with the baker,1
2017-02-03,Chicken Stew,1
2017-02-03,Coke,1
2017-02-03,Gingerbread syrup,1
2017-02-03,Mineral water,1
2017-02-04,Coffee,72
2017-02-04,Bread,31
2017-02-04,Cake,25
2017-02-04,Tshirt,21
2017-02-04,Tea,15
2017-02-04,Sandwich,12
2017-02-04,Pastry,11
2017-02-04,Postcard,10
2017-02-04,Brownie,8
2017-02-04,Hot chocolate,8
2017-02-04,Cookies,7
2017-02-04,Truffles,7
2017-02-04,Scone,6
2017-02-04,Farm House,5
2017-02-04,Juice,5
2017-02-04,Scandinavian,5
2017-02-04,Valentine's card,5
2017-02-04,Alfajores,4
2017-02-04,Coke,4
2017-02-04,Salad,4
2017-02-04,Soup,4
2017-02-04,Baguette,3
2017-02-04,Spanish Brunch,3
2017-02-04,Toast,3
2017-02-04,Chicken Stew,2
2017-02-04,Fudge,2
2017-02-04,Mineral water,2
2017-02-04,Extra Salami or Feta,1
2017-02-04,Granola,1
2017-02-04,Jam,1
2017-02-04,Medialuna,1
2017-02-04,Nomad bag,1
2017-02-04,Smoothies,1
2017-02-04,The Nomad,1
2017-02-04,Vegan Feast,1
2017-02-05,Coffee,55
2017-02-05,Bread,22
2017-02-05,Tea,11
2017-02-05,Pastry,10
2017-02-05,Sandwich,10
2017-02-05,Cake,9
2017-02-05,Cookies,9
2017-02-05,Hot chocolate,9
2017-02-05,Alfajores,8
2017-02-05,Scone,5
2017-02-05,Medialuna,4
2017-02-05,Fudge,3
2017-02-05,Spanish Brunch,3
2017-02-05,Baguette,2
2017-02-05,Brownie,2
2017-02-05,Chicken Stew,2
2017-02-05,Farm House,2
2017-02-05,Scandinavian,2
2017-02-05,Coke,1
2017-02-05,Salad,1
2017-02-06,Coffee,36
2017-02-06,Bread,22
2017-02-06,Tea,11
2017-02-06,Pastry,8
2017-02-06,Cake,7
2017-02-06,Brownie,6
2017-02-06,Sandwich,5
2017-02-06,Cookies,4
2017-02-06,Juice,4
2017-02-06,Medialuna,4
2017-02-06,Truffles,4
2017-02-06,Fudge,3
2017-02-06,Scone,3
2017-02-06,Soup,3
2017-02-06,Toast,3
2017-02-06,Alfajores,2
2017-02-06,Baguette,2
2017-02-06,Farm House,2
2017-02-06,Hot chocolate,2
2017-02-06,Spanish Brunch,2
2017-02-06,Chicken Stew,1
2017-02-06,Jam,1
2017-02-06,Mineral water,1
2017-02-07,Coffee,28
2017-02-07,Bread,17
2017-02-07,Cake,10
2017-02-07,Tea,8
2017-02-07,Alfajores,5
2017-02-07,Hot chocolate,5
2017-02-07,Pastry,4
2017-02-07,Baguette,3
2017-02-07,Brownie,3
2017-02-07,Chicken Stew,3
2017-02-07,Farm House,3
2017-02-07,Eggs,2
2017-02-07,Juice,2
2017-02-07,Sandwich,2
2017-02-07,Soup,2
2017-02-07,Spanish Brunch,2
2017-02-07,Chocolates,1
2017-02-07,Mineral water,1
2017-02-07,Nomad bag,1
2017-02-07,Salad,1
2017-02-07,Scandinavian,1
2017-02-07,Smoothies,1
2017-02-07,Toast,1
2017-02-07,Truffles,1
2017-02-08,Coffee,26
2017-02-08,Bread,20
2017-02-08,Tea,9
2017-02-08,Sandwich,6
2017-02-08,Pastry,5
2017-02-08,Soup,5
2017-02-08,Alfajores,4
2017-02-08,Brownie,4
2017-02-08,Cake,4
2017-02-08,Hot chocolate,3
2017-02-08,Mineral water,3
2017-02-08,Chicken Stew,2
2017-02-08,Chocolates,2
2017-02-08,Farm House,2
2017-02-08,Medialuna,2
2017-02-08,Art Tray,1
2017-02-08,Baguette,1
2017-02-08,Crisps,1
2017-02-08,Eggs,1
2017-02-08,Nomad bag,1
2017-02-08,Spanish Brunch,1
2017-02-09,Coffee,27
2017-02-09,Bread,18
2017-02-09,Cookies,10
2017-02-09,Sandwich,7
2017-02-09,Soup,7
2017-02-09,Pastry,6
2017-02-09,Tea,6
2017-02-09,Cake,5
2017-02-09,Hot chocolate,4
2017-02-09,Juice,4
2017-02-09,Toast,4
2017-02-09,Alfajores,3
2017-02-09,Brownie,3
2017-02-09,Medialuna,3
2017-02-09,Baguette,2
2017-02-09,Chicken Stew,2
2017-02-09,Coke,2
2017-02-09,Farm House,2
2017-02-09,Scandinavian,2
2017-02-09,Valentine's card,2
2017-02-09,Eggs,1
2017-02-09,Extra Salami or Feta,1
2017-02-09,Fudge,1
2017-02-09,Jam,1
2017-02-10,Coffee,36
2017-02-10,Bread,23
2017-02-10,Cake,11
2017-02-10,Cookies,9
2017-02-10,Tea,7
2017-02-10,Soup,6
2017-02-10,Juice,4
2017-02-10,Pastry,4
2017-02-10,Sandwich,4
2017-02-10,Alfajores,3
2017-02-10,Chicken Stew,3
2017-02-10,Hot chocolate,3
2017-02-10,Medialuna,3
2017-02-10,Scandinavian,3
2017-02-10,Scone,3
2017-02-10,Spanish Brunch,3
2017-02-10,Truffles,3
2017-02-10,Baguette,2
2017-02-10,Brownie,2
2017-02-10,Extra Salami or Feta,2
2017-02-10,Salad,2
2017-02-10,Toast,2
2017-02-10,Afternoon with the baker,1
2017-02-10,Coke,1
2017-02-10,Duck egg,1
2017-02-10,The Nomad,1
2017-02-10,Valentine's card,1
2017-02-11,Coffee,38
2017-02-11,Bread,36
2017-02-11,Tea,19
2017-02-11,Cake,16
2017-02-11,Pastry,12
2017-02-11,Hot chocolate,7
2017-02-11,Soup,5
2017-02-11,Toast,5
2017-02-11,Chicken Stew,4
2017-02-11,Cookies,4
2017-02-11,Scandinavian,4
2017-02-11,Alfajores,3
2017-02-11,Baguette,3
2017-02-11,Brownie,3
2017-02-11,Juice,3
2017-02-11,Medialuna,3
2017-02-11,Sandwich,3
2017-02-11,Scone,3
2017-02-11,Spanish Brunch,3
2017-02-11,The Nomad,3
2017-02-11,Nomad bag,2
2017-02-11,Afternoon with the baker,1
2017-02-11,Art Tray,1
2017-02-11,Farm House,1
2017-02-11,Fudge,1
2017-02-11,Truffles,1
2017-02-11,Valentine's card,1
2017-02-12,Coffee,33
2017-02-12,Bread,22
2017-02-12,Cake,10
2017-02-12,Pastry,7
2017-02-12,Brownie,5
2017-02-12,Scone,4
2017-02-12,Tea,4
2017-02-12,Toast,4
2017-02-12,Baguette,3
2017-02-12,Cookies,3
2017-02-12,Afternoon with the baker,2
2017-02-12,Alfajores,2
2017-02-12,Hot chocolate,2
2017-02-12,Medialuna,2
2017-02-12,Spanish Brunch,2
2017-02-12,Chicken Stew,1
2017-02-12,Duck egg,1
2017-02-12,Eggs,1
2017-02-12,Extra Salami or Feta,1
2017-02-12,Farm House,1
2017-02-12,Juice,1
2017-02-12,Sandwich,1
2017-02-12,Soup,1
2017-02-13,Coffee,41
2017-02-13,Bread,19
2017-02-13,Sandwich,10
2017-02-13,Tea,10
2017-02-13,Cookies,9
2017-02-13,Cake,8
2017-02-13,Alfajores,5
2017-02-13,Soup,5
2017-02-13,Farm House,4
2017-02-13,Hot chocolate,4
2017-02-13,Juice,4
2017-02-13,Medialuna,4
2017-02-13,Truffles,4
2017-02-13,Chicken Stew,3
2017-02-13,Baguette,2
2017-02-13,Brownie,2
2017-02-13,Coke,2
2017-02-13,Pastry,2
2017-02-13,Scone,2
2017-02-13,Toast,2
2017-02-13,Chocolates,1
2017-02-13,Eggs,1
2017-02-13,Focaccia,1
2017-02-13,Fudge,1
2017-02-13,Salad,1
2017-02-13,Scandinavian,1
2017-02-14,Coffee,29
2017-02-14,Bread,18
2017-02-14,Cake,11
2017-02-14,Alfajores,7
2017-02-14,Hot chocolate,7
2017-02-14,Tea,7
2017-02-14,Cookies,6
2017-02-14,Medialuna,3
2017-02-14,Pastry,3
2017-02-14,Toast,3
2017-02-14,Afternoon with the baker,2
2017-02-14,Baguette,2
2017-02-14,Coke,2
2017-02-14,Farm House,2
2017-02-14,Valentine's card,2
2017-02-14,Juice,1
2017-02-14,Mineral water,1
2017-02-14,Salad,1
2017-02-14,Sandwich,1
2017-02-14,Scone,1
2017-02-14,Smoothies,1
2017-02-14,Soup,1
2017-02-14,Spanish Brunch,1
2017-02-14,Vegan mincepie,1
2017-02-15,Coffee,21
2017-02-15,Bread,10
2017-02-15,Medialuna,6
2017-02-15,Cake,5
2017-02-15,Baguette,4
2017-02-15,Hot chocolate,4
2017-02-15,Pastry,4
2017-02-15,Soup,4
2017-02-15,Tea,4
2017-02-15,Alfajores,3
2017-02-15,Sandwich,2
2017-02-15,The Nomad,2
2017-02-15,Toast,2
2017-02-15,Art Tray,1
2017-02-15,Brownie,1
2017-02-15,Jammie Dodgers,1
2017-02-15,Juice,1
2017-02-15,Salad,1
2017-02-15,Truffles,1
2017-02-15,Vegan Feast,1
2017-02-15,Vegan mincepie,1
2017-02-16,Coffee,24
2017-02-16,Cake,10
2017-02-16,Cookies,7
2017-02-16,Tea,7
2017-02-16,Bread,6
2017-02-16,Hot chocolate,6
2017-02-16,Alfajores,5
2017-02-16,Pastry,5
2017-02-16,Sandwich,5
2017-02-16,Brownie,4
2017-02-16,Soup,4
2017-02-16,Baguette,3
2017-02-16,Juice,3
2017-02-16,Medialuna,3
2017-02-16,Afternoon with the baker,2
2017-02-16,Chicken Stew,2
2017-02-16,Farm House,2
2017-02-16,Toast,2
2017-02-16,Duck egg,1
2017-02-16,Extra Salami or Feta,1
2017-02-16,Fudge,1
2017-02-16,Jammie Dodgers,1
2017-02-16,Muffin,1
2017-02-16,Salad,1
2017-02-16,Smoothies,1
2017-02-16,Spanish Brunch,1
2017-02-16,Truffles,1
2017-02-17,Coffee,37
2017-02-17,Bread,26
2017-02-17,Sandwich,16
2017-02-17,Tea,16
2017-02-17,Cake,9
2017-02-17,Scone,8
2017-02-17,Brownie,5
2017-02-17,Hot chocolate,5
2017-02-17,Muffin,5
2017-02-17,Baguette,4
2017-02-17,Jammie Dodgers,4
2017-02-17,Medialuna,4
2017-02-17,Pastry,4
2017-02-17,Tiffin,4
2017-02-17,Chicken Stew,3
2017-02-17,Coke,3
2017-02-17,Cookies,3
2017-02-17,Juice,3
2017-02-17,Scandinavian,3
2017-02-17,Alfajores,2
2017-02-17,Farm House,2
2017-02-17,Mineral water,2
2017-02-17,Soup,2
2017-02-17,Spanish Brunch,2
2017-02-17,Truffles,2
2017-02-17,Chocolates,1
2017-02-17,Toast,1
2017-02-18,Coffee,52
2017-02-18,Bread,42
2017-02-18,Sandwich,12
2017-02-18,Tea,11
2017-02-18,Cake,10
2017-02-18,Pastry,8
2017-02-18,Chicken Stew,7
2017-02-18,Scandinavian,7
2017-02-18,Spanish Brunch,7
2017-02-18,Brownie,6
2017-02-18,Juice,6
2017-02-18,Scone,6
2017-02-18,Alfajores,5
2017-02-18,Jammie Dodgers,5
2017-02-18,Toast,5
2017-02-18,Medialuna,4
2017-02-18,Baguette,3
2017-02-18,Eggs,3
2017-02-18,Farm House,3
2017-02-18,Hot chocolate,3
2017-02-18,Muffin,3
2017-02-18,Soup,3
2017-02-18,Coke,2
2017-02-18,Jam,2
2017-02-18,Tiffin,2
2017-02-18,Afternoon with the baker,1
2017-02-18,Chocolates,1
2017-02-18,Cookies,1
2017-02-18,Extra Salami or Feta,1
2017-02-18,Fudge,1
2017-02-18,Granola,1
2017-02-18,Mineral water,1
2017-02-18,Nomad bag,1
2017-02-18,Smoothies,1
2017-02-18,Truffles,1
2017-02-19,Coffee,48
2017-02-19,Bread,22
2017-02-19,Cake,19
2017-02-19,Tea,11
2017-02-19,Alfajores,10
2017-02-19,Medialuna,7
2017-02-19,Spanish Brunch,7
2017-02-19,Juice,5
2017-02-19,Tiffin,5
2017-02-19,Brownie,4
2017-02-19,Hot chocolate,4
2017-02-19,Pastry,4
2017-02-19,Sandwich,4
2017-02-19,Scone,4
2017-02-19,Toast,4
2017-02-19,Farm House,3
2017-02-19,Smoothies,3
2017-02-19,Afternoon with the baker,2
2017-02-19,Baguette,2
2017-02-19,Cookies,2
2017-02-19,Vegan mincepie,2
2017-02-19,Coffee granules ,1
2017-02-19,Coke,1
2017-02-19,Duck egg,1
2017-02-19,Extra Salami or Feta,1
2017-02-19,Granola,1
2017-02-19,Jam,1
2017-02-19,Mineral water,1
2017-02-19,Salad,1
2017-02-19,The Nomad,1
2017-02-20,Coffee,30
2017-02-20,Bread,25
2017-02-20,Tea,6
2017-02-20,Alfajores,5
2017-02-20,Medialuna,5
2017-02-20,Sandwich,5
2017-02-20,Scone,5
2017-02-20,Cookies,4
2017-02-20,Juice,4
2017-02-20,Pastry,4
2017-02-20,Cake,3
2017-02-20,Hot chocolate,3
2017-02-20,Brownie,2
2017-02-20,Fudge,2
2017-02-20,Spanish Brunch,2
2017-02-20,The Nomad,2
2017-02-20,Coke,1
2017-02-20,Eggs,1
2017-02-20,Jammie Dodgers,1
2017-02-20,Salad,1
2017-02-20,Smoothies,1
2017-02-20,Toast,1
2017-02-20,Truffles,1
2017-02-21,Coffee,28
2017-02-21,Bread,12
2017-02-21,Tea,12
2017-02-21,Cake,4
2017-02-21,Cookies,4
2017-02-21,Pastry,4
2017-02-21,Scone,4
2017-02-21,Toast,4
2017-02-21,Alfajores,3
2017-02-21,Farm House,2
2017-02-21,Jam,2
2017-02-21,Sandwich,2
2017-02-21,Baguette,1
2017-02-21,Chicken Stew,1
2017-02-21,Medialuna,1
2017-02-21,Mineral water,1
2017-02-21,Salad,1
2017-02-21,Soup,1
2017-02-21,Truffles,1
2017-02-22,Coffee,28
2017-02-22,Bread,19
2017-02-22,Tea,11
2017-02-22,Sandwich,9
2017-02-22,Alfajores,7
2017-02-22,Pastry,7
2017-02-22,Cake,6
2017-02-22,Scone,4
2017-02-22,Brownie,3
2017-02-22,Farm House,3
2017-02-22,Toast,2
2017-02-22,Baguette,1
2017-02-22,Chicken Stew,1
2017-02-22,Coke,1
2017-02-22,Cookies,1
2017-02-22,Fudge,1
2017-02-22,Hot chocolate,1
2017-02-22,Juice,1
2017-02-22,Medialuna,1
2017-02-22,Salad,1
2017-02-22,Scandinavian,1
2017-02-22,Smoothies,1
2017-02-22,Soup,1
2017-02-22,Spanish Brunch,1
2017-02-22,Truffles,1
2017-02-23,Coffee,29
2017-02-23,Bread,13
2017-02-23,Hot chocolate,6
2017-02-23,Tea,6
2017-02-23,Cake,5
2017-02-23,Muffin,5
2017-02-23,Tiffin,5
2017-02-23,Brownie,4
2017-02-23,Juice,4
2017-02-23,Sandwich,4
2017-02-23,Cookies,3
2017-02-23,Soup,3
2017-02-23,Alfajores,2
2017-02-23,Baguette,2
2017-02-23,Chicken Stew,2
2017-02-23,Scone,2
2017-02-23,Spanish Brunch,2
2017-02-23,Toast,2
2017-02-23,Jam,1
2017-02-23,Jammie Dodgers,1
2017-02-23,Medialuna,1
2017-02-23,Mineral water,1
2017-02-24,Coffee,38
2017-02-24,Bread,23
2017-02-24,Tea,14
2017-02-24,Sandwich,8
2017-02-24,Brownie,6
2017-02-24,Cake,6
2017-02-24,Toast,6
2017-02-24,Soup,5
2017-02-24,Alfajores,4
2017-02-24,Cookies,4
2017-02-24,Tiffin,4
2017-02-24,Mineral water,3
2017-02-24,Muffin,3
2017-02-24,Scone,3
2017-02-24,Farm House,2
2017-02-24,Medialuna,2
2017-02-24,Pastry,2
2017-02-24,Afternoon with the baker,1
2017-02-24,Baguette,1
2017-02-24,Chicken Stew,1
2017-02-24,Hot chocolate,1
2017-02-24,Jam,1
2017-02-24,Juice,1
2017-02-24,Smoothies,1
2017-02-24,Spanish Brunch,1
2017-02-24,Truffles,1
2017-02-25,Coffee,47
2017-02-25,Bread,27
2017-02-25,Cake,16
2017-02-25,Tea,10
2017-02-25,Pastry,8
2017-02-25,Medialuna,6
2017-02-25,Sandwich,6
2017-02-25,Cookies,5
2017-02-25,Hot chocolate,5
2017-02-25,Coke,4
2017-02-25,Muffin,4
2017-02-25,Scone,4
2017-02-25,Soup,4
2017-02-25,Alfajores,3
2017-02-25,Brownie,3
2017-02-25,Scandinavian,3
2017-02-25,Baguette,2
2017-02-25,Extra Salami or Feta,2
2017-02-25,Juice,2
2017-02-25,Salad,2
2017-02-25,Tiffin,2
2017-02-25,Toast,2
2017-02-25,Chicken Stew,1
2017-02-25,Chocolates,1
2017-02-25,Eggs,1
2017-02-25,Farm House,1
2017-02-25,Jam,1
2017-02-25,Mineral water,1
2017-02-25,Nomad bag,1
2017-02-25,The Nomad,1
2017-02-26,Coffee,57
2017-02-26,Bread,17
2017-02-26,Cake,14
2017-02-26,Medialuna,10
2017-02-26,Sandwich,10
2017-02-26,Tea,10
2017-02-26,Scone,8
2017-02-26,Cookies,6
2017-02-26,Soup,6
2017-02-26,Spanish Brunch,6
2017-02-26,Hot chocolate,5
2017-02-26,Jammie Dodgers,5
2017-02-26,Juice,5
2017-02-26,Alfajores,3
2017-02-26,Farm House,3
2017-02-26,Fudge,3
2017-02-26,Pastry,3
2017-02-26,Tiffin,3
2017-02-26,Art Tray,2
2017-02-26,Toast,2
2017-02-26,Baguette,1
2017-02-26,Chicken Stew,1
2017-02-26,Eggs,1
2017-02-26,Extra Salami or Feta,1
2017-02-26,Jam,1
2017-02-26,Salad,1
2017-02-26,The Nomad,1
2017-02-26,Truffles,1
2017-02-27,Coffee,24
2017-02-27,Bread,16
2017-02-27,Tea,8
2017-02-27,Pastry,6
2017-02-27,Medialuna,4
2017-02-27,Jammie Dodgers,3
2017-02-27,Soup,3
2017-02-27,Chicken Stew,2
2017-02-27,Farm House,2
2017-02-27,Coke,1
2017-02-27,Granola,1
2017-02-27,Juice,1
2017-02-27,Sandwich,1
2017-02-27,Spanish Brunch,1
2017-02-27,Tiffin,1
2017-02-27,Toast,1
2017-02-27,Truffles,1
2017-02-28,Coffee,33
2017-02-28,Bread,27
2017-02-28,Tea,11
2017-02-28,Pastry,8
2017-02-28,Cake,7
2017-02-28,Hot chocolate,5
2017-02-28,Baguette,4
2017-02-28,Cookies,4
2017-02-28,Sandwich,4
2017-02-28,Alfajores,2
2017-02-28,Coke,2
2017-02-28,Farm House,2
2017-02-28,Scandinavian,2
2017-02-28,Soup,2
2017-02-28,Jammie Dodgers,1
2017-02-28,Juice,1
2017-02-28,Mineral water,1
2017-02-28,Smoothies,1
2017-02-28,Spanish Brunch,1
2017-02-28,Toast,1
2017-02-28,Truffles,1
2017-02-28,Vegan Feast,1
2017-03-01,Coffee,23
2017-03-01,Bread,14
2017-03-01,Tea,10
2017-03-01,Cake,6
2017-03-01,Pastry,6
2017-03-01,Chicken Stew,4
2017-03-01,Baguette,3
2017-03-01,Hot chocolate,3
2017-03-01,Soup,3
2017-03-01,Toast,3
2017-03-01,Truffles,3
2017-03-01,Juice,2
2017-03-01,Sandwich,2
2017-03-01,Alfajores,1
2017-03-01,Coke,1
2017-03-01,Cookies,1
2017-03-01,Duck egg,1
2017-03-01,Farm House,1
2017-03-01,Mineral water,1
2017-03-01,Salad,1
2017-03-01,Smoothies,1
2017-03-01,Vegan mincepie,1
2017-03-02,Coffee,32
2017-03-02,Bread,19
2017-03-02,Tea,11
2017-03-02,Pastry,9
2017-03-02,Cake,7
2017-03-02,Hot chocolate,6
2017-03-02,Sandwich,2
2017-03-02,Toast,2
2017-03-02,Baguette,1
2017-03-02,Chicken Stew,1
2017-03-02,Cookies,1
2017-03-02,Jam,1
2017-03-02,Juice,1
2017-03-02,Muffin,1
2017-03-03,Coffee,41
2017-03-03,Bread,22
2017-03-03,Pastry,12
2017-03-03,Sandwich,9
2017-03-03,Tea,7
2017-03-03,Cake,5
2017-03-03,Cookies,5
2017-03-03,Tiffin,5
2017-03-03,Fudge,3
2017-03-03,Juice,3
2017-03-03,Scone,3
2017-03-03,Afternoon with the baker,2
2017-03-03,Alfajores,2
2017-03-03,Chicken Stew,2
2017-03-03,Hot chocolate,2
2017-03-03,Soup,2
2017-03-03,Coke,1
2017-03-03,Duck egg,1
2017-03-03,Eggs,1
2017-03-03,Mineral water,1
2017-03-03,Muffin,1
2017-03-03,Salad,1
2017-03-03,Scandinavian,1
2017-03-03,Smoothies,1
2017-03-03,Spanish Brunch,1
2017-03-03,Toast,1
2017-03-04,Coffee,57
2017-03-04,Bread,36
2017-03-04,Scone,22
2017-03-04,Tea,16
2017-03-04,Sandwich,11
2017-03-04,Cake,10
2017-03-04,Brownie,9
2017-03-04,Hot chocolate,9
2017-03-04,Pastry,8
2017-03-04,Soup,8
2017-03-04,Cookies,7
2017-03-04,Scandinavian,7
2017-03-04,Coke,6
2017-03-04,Baguette,5
2017-03-04,Juice,5
2017-03-04,Spanish Brunch,5
2017-03-04,Muffin,4
2017-03-04,Tiffin,4
2017-03-04,Toast,4
2017-03-04,Truffles,4
2017-03-04,Mineral water,3
2017-03-04,Smoothies,3
2017-03-04,Alfajores,2
2017-03-04,Chicken Stew,2
2017-03-04,Salad,2
2017-03-04,Art Tray,1
2017-03-04,Extra Salami or Feta,1
2017-03-04,Farm House,1
2017-03-04,Granola,1
2017-03-04,Jammie Dodgers,1
2017-03-04,Medialuna,1
2017-03-04,The Nomad,1
2017-03-04,Vegan Feast,1
2017-03-05,Coffee,40
2017-03-05,Bread,13
2017-03-05,Pastry,11
2017-03-05,Cake,8
2017-03-05,Afternoon with the baker,6
2017-03-05,Muffin,4
2017-03-05,Scone,4
2017-03-05,Tea,4
2017-03-05,Hot chocolate,3
2017-03-05,Jammie Dodgers,3
2017-03-05,Juice,3
2017-03-05,Medialuna,3
2017-03-05,Sandwich,3
2017-03-05,Tiffin,3
2017-03-05,Farm House,2
2017-03-05,Soup,2
2017-03-05,Spanish Brunch,2
2017-03-05,Toast,2
2017-03-05,Alfajores,1
2017-03-05,Brownie,1
2017-03-05,Coke,1
2017-03-05,Cookies,1
2017-03-05,Jam,1
2017-03-05,Smoothies,1
2017-03-05,The Nomad,1
2017-03-05,Truffles,1
2017-03-06,Coffee,27
2017-03-06,Bread,17
2017-03-06,Cake,10
2017-03-06,Tea,8
2017-03-06,Pastry,5
2017-03-06,Sandwich,5
2017-03-06,Toast,4
2017-03-06,Juice,3
2017-03-06,Soup,3
2017-03-06,Chicken Stew,2
2017-03-06,Farm House,2
2017-03-06,Salad,2
2017-03-06,Afternoon with the baker,1
2017-03-06,Cookies,1
2017-03-06,Drinking chocolate spoons ,1
2017-03-06,Hot chocolate,1
2017-03-06,Jammie Dodgers,1
2017-03-06,Truffles,1
2017-03-07,Coffee,33
2017-03-07,Bread,19
2017-03-07,Tea,9
2017-03-07,Pastry,8
2017-03-07,Cake,7
2017-03-07,Soup,6
2017-03-07,Spanish Brunch,5
2017-03-07,Cookies,4
2017-03-07,Sandwich,4
2017-03-07,Farm House,3
2017-03-07,Hot chocolate,3
2017-03-07,Salad,3
2017-03-07,Tiffin,3
2017-03-07,Toast,3
2017-03-07,Baguette,2
2017-03-07,Chicken Stew,1
2017-03-07,Coke,1
2017-03-07,Fudge,1
2017-03-07,Granola,1
2017-03-07,Jam,1
2017-03-07,Truffles,1
2017-03-08,Bread,18
2017-03-08,Coffee,18
2017-03-08,Pastry,6
2017-03-08,Cake,5
2017-03-08,Tea,5
2017-03-08,Sandwich,4
2017-03-08,Soup,4
2017-03-08,Baguette,2
2017-03-08,Chicken Stew,2
2017-03-08,Scone,2
2017-03-08,Truffles,2
2017-03-08,Farm House,1
2017-03-08,Hot chocolate,1
2017-03-08,Jammie Dodgers,1
2017-03-08,Juice,1
2017-03-08,Medialuna,1
2017-03-08,Mineral water,1
2017-03-08,Salad,1
2017-03-08,Tiffin,1
2017-03-08,Toast,1
2017-03-09,Coffee,27
2017-03-09,Bread,12
2017-03-09,Cake,10
2017-03-09,Tea,9
2017-03-09,Sandwich,6
2017-03-09,Pastry,5
2017-03-09,Chicken Stew,3
2017-03-09,Cookies,3
2017-03-09,Soup,3
2017-03-09,Toast,3
2017-03-09,Truffles,3
2017-03-09,Baguette,2
2017-03-09,Coke,2
2017-03-09,Hot chocolate,2
2017-03-09,Juice,2
2017-03-09,Salad,2
2017-03-09,Scone,2
2017-03-09,Spanish Brunch,2
2017-03-09,Tiffin,2
2017-03-09,Christmas common,1
2017-03-09,Jammie Dodgers,1
2017-03-09,Medialuna,1
2017-03-09,Scandinavian,1
2017-03-10,Coffee,38
2017-03-10,Bread,28
2017-03-10,Pastry,8
2017-03-10,Cookies,7
2017-03-10,Tea,7
2017-03-10,Cake,6
2017-03-10,Sandwich,6
2017-03-10,Tiffin,6
2017-03-10,Spanish Brunch,4
2017-03-10,Truffles,4
2017-03-10,Scone,3
2017-03-10,Soup,3
2017-03-10,Toast,3
2017-03-10,Coke,2
2017-03-10,Juice,2
2017-03-10,Medialuna,2
2017-03-10,Salad,2
2017-03-10,Baguette,1
2017-03-10,Brownie,1
2017-03-10,Chicken Stew,1
2017-03-10,Hot chocolate,1
2017-03-10,Jam,1
2017-03-10,Mineral water,1
2017-03-10,Vegan Feast,1
2017-03-10,Vegan mincepie,1
2017-03-11,Coffee,48
2017-03-11,Bread,30
2017-03-11,Cake,16
2017-03-11,Tea,15
2017-03-11,Sandwich,13
2017-03-11,Scone,11
2017-03-11,Medialuna,6
2017-03-11,Juice,5
2017-03-11,Pastry,5
2017-03-11,Spanish Brunch,5
2017-03-11,Cookies,4
2017-03-11,Muffin,4
2017-03-11,Toast,4
2017-03-11,Brownie,3
2017-03-11,Farm House,3
2017-03-11,Hot chocolate,3
2017-03-11,Jammie Dodgers,3
2017-03-11,Scandinavian,3
2017-03-11,Baguette,2
2017-03-11,Coke,2
2017-03-11,Duck egg,2
2017-03-11,Soup,2
2017-03-11,The Nomad,2
2017-03-11,Tiffin,2
2017-03-11,Argentina Night,1
2017-03-11,Chicken Stew,1
2017-03-11,Chocolates,1
2017-03-11,Drinking chocolate spoons ,1
2017-03-11,Fudge,1
2017-03-11,Granola,1
2017-03-11,Jam,1
2017-03-11,Salad,1
2017-03-11,Truffles,1
2017-03-11,Vegan Feast,1
2017-03-12,Coffee,40
2017-03-12,Bread,18
2017-03-12,Cake,11
2017-03-12,Spanish Brunch,9
2017-03-12,Tea,9
2017-03-12,Cookies,6
2017-03-12,Hot chocolate,6
2017-03-12,Sandwich,5
2017-03-12,Scone,5
2017-03-12,Muffin,4
2017-03-12,Pastry,4
2017-03-12,Juice,3
2017-03-12,Medialuna,3
2017-03-12,Baguette,2
2017-03-12,Brownie,2
2017-03-12,Jammie Dodgers,2
2017-03-12,Smoothies,2
2017-03-12,Soup,2
2017-03-12,Chicken Stew,1
2017-03-12,Chocolates,1
2017-03-12,Coke,1
2017-03-12,Drinking chocolate spoons ,1
2017-03-12,Farm House,1
2017-03-12,Half slice Monster ,1
2017-03-12,Mineral water,1
2017-03-12,The Nomad,1
2017-03-12,Tiffin,1
2017-03-12,Toast,1
2017-03-12,Truffles,1
2017-03-12,Vegan Feast,1
2017-03-12,Vegan mincepie,1
2017-03-13,Coffee,33
2017-03-13,Tea,11
2017-03-13,Bread,10
2017-03-13,Pastry,10
2017-03-13,Sandwich,7
2017-03-13,Cake,6
2017-03-13,Soup,4
2017-03-13,Afternoon with the baker,3
2017-03-13,Baguette,3
2017-03-13,Cookies,3
2017-03-13,Salad,3
2017-03-13,Jammie Dodgers,2
2017-03-13,Spanish Brunch,2
2017-03-13,Hot chocolate,1
2017-03-13,Jam,1
2017-03-13,Juice,1
2017-03-13,Muffin,1
2017-03-13,Scone,1
2017-03-13,Truffles,1
2017-03-14,Coffee,27
2017-03-14,Bread,12
2017-03-14,Pastry,8
2017-03-14,Cake,7
2017-03-14,Tea,7
2017-03-14,Cookies,6
2017-03-14,Juice,5
2017-03-14,Sandwich,5
2017-03-14,Bakewell,4
2017-03-14,Chicken Stew,4
2017-03-14,Jammie Dodgers,3
2017-03-14,Baguette,2
2017-03-14,Medialuna,2
2017-03-14,Toast,2
2017-03-14,Farm House,1
2017-03-14,Gift voucher,1
2017-03-14,Hot chocolate,1
2017-03-14,Mineral water,1
2017-03-14,Muffin,1
2017-03-14,Salad,1
2017-03-14,Soup,1
2017-03-14,Truffles,1
2017-03-14,Vegan Feast,1
2017-03-15,Coffee,25
2017-03-15,Bread,13
2017-03-15,Cake,10
2017-03-15,Pastry,6
2017-03-15,Brownie,4
2017-03-15,Cookies,4
2017-03-15,Tea,4
2017-03-15,Baguette,3
2017-03-15,Coke,2
2017-03-15,Hot chocolate,2
2017-03-15,Sandwich,2
2017-03-15,Scone,2
2017-03-15,Toast,2
2017-03-15,Truffles,2
2017-03-15,Bakewell,1
2017-03-15,Christmas common,1
2017-03-15,Extra Salami or Feta,1
2017-03-15,Jam,1
2017-03-15,Juice,1
2017-03-15,Salad,1
2017-03-16,Coffee,25
2017-03-16,Bread,22
2017-03-16,Hot chocolate,6
2017-03-16,Cake,5
2017-03-16,Cookies,5
2017-03-16,Pastry,5
2017-03-16,Tea,5
2017-03-16,Toast,5
2017-03-16,Chicken Stew,3
2017-03-16,Medialuna,3
2017-03-16,Soup,3
2017-03-16,Baguette,2
2017-03-16,Brownie,2
2017-03-16,Farm House,2
2017-03-16,Jammie Dodgers,2
2017-03-16,Juice,2
2017-03-16,Mineral water,2
2017-03-16,Sandwich,2
2017-03-16,Bakewell,1
2017-03-16,Cherry me Dried fruit,1
2017-03-16,Coke,1
2017-03-16,Crisps,1
2017-03-16,Eggs,1
2017-03-16,Extra Salami or Feta,1
2017-03-16,Granola,1
2017-03-16,Salad,1
2017-03-16,Scandinavian,1
2017-03-16,Scone,1
2017-03-16,Smoothies,1
2017-03-16,Truffles,1
2017-03-17,Coffee,40
2017-03-17,Bread,13
2017-03-17,Cake,11
2017-03-17,Pastry,6
2017-03-17,Tea,6
2017-03-17,Cookies,5
2017-03-17,Hot chocolate,5
2017-03-17,Salad,4
2017-03-17,Tiffin,4
2017-03-17,Baguette,3
2017-03-17,Brownie,3
2017-03-17,Scone,3
2017-03-17,Toast,3
2017-03-17,Sandwich,2
2017-03-17,Bakewell,1
2017-03-17,Coffee granules ,1
2017-03-17,Coke,1
2017-03-17,Extra Salami or Feta,1
2017-03-17,Half slice Monster ,1
2017-03-17,Juice,1
2017-03-17,Mineral water,1
2017-03-17,Mortimer,1
2017-03-17,Scandinavian,1
2017-03-17,Soup,1
2017-03-18,Coffee,44
2017-03-18,Bread,28
2017-03-18,Cake,12
2017-03-18,Tea,12
2017-03-18,Scone,10
2017-03-18,Sandwich,9
2017-03-18,Cookies,5
2017-03-18,Pastry,5
2017-03-18,Tiffin,5
2017-03-18,Brownie,4
2017-03-18,Hot chocolate,4
2017-03-18,Mineral water,4
2017-03-18,Toast,4
2017-03-18,Jam,3
2017-03-18,Medialuna,3
2017-03-18,Salad,3
2017-03-18,Soup,3
2017-03-18,Baguette,2
2017-03-18,Juice,2
2017-03-18,Scandinavian,2
2017-03-18,Spanish Brunch,2
2017-03-18,The Nomad,2
2017-03-18,Afternoon with the baker,1
2017-03-18,Chicken Stew,1
2017-03-18,Coke,1
2017-03-18,Duck egg,1
2017-03-18,Farm House,1
2017-03-18,Fudge,1
2017-03-18,Half slice Monster ,1
2017-03-18,Smoothies,1
2017-03-18,Truffles,1
2017-03-19,Coffee,35
2017-03-19,Bread,18
2017-03-19,Tea,10
2017-03-19,Sandwich,9
2017-03-19,Cake,8
2017-03-19,Spanish Brunch,8
2017-03-19,Scone,6
2017-03-19,Tiffin,4
2017-03-19,Medialuna,3
2017-03-19,Muffin,3
2017-03-19,Pastry,3
2017-03-19,Salad,3
2017-03-19,Cookies,2
2017-03-19,Farm House,2
2017-03-19,Hot chocolate,2
2017-03-19,Soup,2
2017-03-19,Afternoon with the baker,1
2017-03-19,Art Tray,1
2017-03-19,Baguette,1
2017-03-19,Chicken Stew,1
2017-03-19,Coke,1
2017-03-19,Juice,1
2017-03-19,Mineral water,1
2017-03-19,Smoothies,1
2017-03-19,Toast,1
2017-03-19,Truffles,1
2017-03-20,Coffee,31
2017-03-20,Bread,13
2017-03-20,Tea,7
2017-03-20,Muffin,6
2017-03-20,Pastry,5
2017-03-20,Sandwich,4
2017-03-20,Cake,3
2017-03-20,Cookies,3
2017-03-20,Farm House,3
2017-03-20,Toast,3
2017-03-20,Baguette,2
2017-03-20,Brownie,2
2017-03-20,Hot chocolate,2
2017-03-20,Juice,2
2017-03-20,Salad,2
2017-03-20,Spanish Brunch,2
2017-03-20,Coffee granules ,1
2017-03-20,Jam,1
2017-03-20,Medialuna,1
2017-03-20,Mineral water,1
2017-03-20,Truffles,1
2017-03-21,Coffee,32
2017-03-21,Bread,17
2017-03-21,Sandwich,8
2017-03-21,Cake,7
2017-03-21,Cookies,5
2017-03-21,Tea,5
2017-03-21,Pastry,4
2017-03-21,Farm House,3
2017-03-21,Muffin,3
2017-03-21,Soup,3
2017-03-21,Baguette,2
2017-03-21,Christmas common,2
2017-03-21,Mineral water,2
2017-03-21,Toast,2
2017-03-21,Truffles,2
2017-03-21,Half slice Monster ,1
2017-03-21,Jam,1
2017-03-21,Juice,1
2017-03-21,Scandinavian,1
2017-03-21,Spanish Brunch,1
2017-03-22,Coffee,31
2017-03-22,Bread,17
2017-03-22,Tea,7
2017-03-22,Juice,5
2017-03-22,Pastry,4
2017-03-22,Sandwich,4
2017-03-22,Soup,4
2017-03-22,Cake,3
2017-03-22,Coke,3
2017-03-22,Cookies,3
2017-03-22,Farm House,3
2017-03-22,Toast,3
2017-03-22,Baguette,2
2017-03-22,Brownie,2
2017-03-22,Jam,2
2017-03-22,Spanish Brunch,2
2017-03-22,Cherry me Dried fruit,1
2017-03-22,Chicken Stew,1
2017-03-22,Granola,1
2017-03-22,Mineral water,1
2017-03-22,Mortimer,1
2017-03-22,Muffin,1
2017-03-22,Salad,1
2017-03-22,Scandinavian,1
2017-03-22,Smoothies,1
2017-03-22,Truffles,1
2017-03-23,Coffee,28
2017-03-23,Bread,23
2017-03-23,Pastry,9
2017-03-23,Juice,6
2017-03-23,Brownie,5
2017-03-23,Cake,5
2017-03-23,Chicken Stew,5
2017-03-23,Sandwich,5
2017-03-23,Soup,4
2017-03-23,Tea,4
2017-03-23,Tiffin,4
2017-03-23,Cookies,3
2017-03-23,Spanish Brunch,3
2017-03-23,Baguette,2
2017-03-23,Farm House,2
2017-03-23,Hot chocolate,2
2017-03-23,Medialuna,2
2017-03-23,Truffles,2
2017-03-23,Argentina Night,1
2017-03-23,Coke,1
2017-03-23,Drinking chocolate spoons ,1
2017-03-23,Mineral water,1
2017-03-23,Mortimer,1
2017-03-23,Nomad bag,1
2017-03-23,Salad,1
2017-03-23,Smoothies,1
2017-03-23,Toast,1
2017-03-24,Coffee,42
2017-03-24,Bread,20
2017-03-24,Cake,8
2017-03-24,Tea,7
2017-03-24,Cookies,5
2017-03-24,Pastry,5
2017-03-24,Baguette,4
2017-03-24,Spanish Brunch,4
2017-03-24,Tiffin,4
2017-03-24,Truffles,4
2017-03-24,Brownie,3
2017-03-24,Juice,3
2017-03-24,Muffin,3
2017-03-24,Sandwich,3
2017-03-24,Chicken Stew,2
2017-03-24,Jam,2
2017-03-24,Scandinavian,2
2017-03-24,Soup,2
2017-03-24,Toast,2
2017-03-24,Eggs,1
2017-03-24,Farm House,1
2017-03-24,Hot chocolate,1
2017-03-24,Medialuna,1
2017-03-24,Mineral water,1
2017-03-24,Salad,1
2017-03-25,Coffee,54
2017-03-25,Bread,40
2017-03-25,Cake,20
2017-03-25,Pastry,14
2017-03-25,Muffin,12
2017-03-25,Juice,10
2017-03-25,Spanish Brunch,10
2017-03-25,Hot chocolate,8
2017-03-25,Tea,8
2017-03-25,Cookies,7
2017-03-25,Sandwich,7
2017-03-25,Scandinavian,7
2017-03-25,Jammie Dodgers,5
2017-03-25,Salad,5
2017-03-25,Smoothies,5
2017-03-25,Coke,4
2017-03-25,Farm House,4
2017-03-25,Truffles,4
2017-03-25,Baguette,3
2017-03-25,Mineral water,3
2017-03-25,Soup,3
2017-03-25,Coffee granules ,2
2017-03-25,The Nomad,2
2017-03-25,Chicken Stew,1
2017-03-25,Drinking chocolate spoons ,1
2017-03-25,Duck egg,1
2017-03-25,Eggs,1
2017-03-25,Extra Salami or Feta,1
2017-03-25,Half slice Monster ,1
2017-03-25,Mortimer,1
2017-03-25,Tiffin,1
2017-03-25,Toast,1
2017-03-26,Coffee,35
2017-03-26,Bread,26
2017-03-26,Sandwich,16
2017-03-26,Cake,11
2017-03-26,Medialuna,9
2017-03-26,Brownie,8
2017-03-26,Tea,8
2017-03-26,Juice,6
2017-03-26,Pastry,5
2017-03-26,Spanish Brunch,5
2017-03-26,Baguette,4
2017-03-26,Hot chocolate,4
2017-03-26,Muffin,4
2017-03-26,Smoothies,4
2017-03-26,Coke,3
2017-03-26,Jam,2
2017-03-26,Toast,2
2017-03-26,Cookies,1
2017-03-26,Extra Salami or Feta,1
2017-03-26,Granola,1
2017-03-26,Jammie Dodgers,1
2017-03-26,Mineral water,1
2017-03-26,Scone,1
2017-03-26,Soup,1
2017-03-26,Truffles,1
2017-03-26,Vegan Feast,1
2017-03-27,Coffee,29
2017-03-27,Tea,11
2017-03-27,Bread,7
2017-03-27,Bakewell,5
2017-03-27,Muffin,5
2017-03-27,Sandwich,5
2017-03-27,Coke,4
2017-03-27,Chicken Stew,3
2017-03-27,Scone,3
2017-03-27,Toast,3
2017-03-27,Brownie,2
2017-03-27,Hot chocolate,2
2017-03-27,Jammie Dodgers,2
2017-03-27,Mineral water,2
2017-03-27,Cookies,1
2017-03-27,Salad,1
2017-03-27,Soup,1
2017-03-27,The Nomad,1
2017-03-28,Coffee,32
2017-03-28,Sandwich,9
2017-03-28,Bread,8
2017-03-28,Tea,7
2017-03-28,Cookies,6
2017-03-28,Muffin,6
2017-03-28,Pastry,6
2017-03-28,Soup,6
2017-03-28,Bakewell,5
2017-03-28,Toast,5
2017-03-28,Baguette,2
2017-03-28,Cake,2
2017-03-28,Coke,2
2017-03-28,Hot chocolate,2
2017-03-28,Juice,2
2017-03-28,Mineral water,2
2017-03-28,Salad,2
2017-03-28,Chicken Stew,1
2017-03-28,Eggs,1
2017-03-28,Farm House,1
2017-03-28,Jammie Dodgers,1
2017-03-28,Scone,1
2017-03-28,Truffles,1
2017-03-29,Coffee,30
2017-03-29,Bread,15
2017-03-29,Tea,11
2017-03-29,Cake,5
2017-03-29,Juice,4
2017-03-29,Soup,4
2017-03-29,Spanish Brunch,4
2017-03-29,Cookies,3
2017-03-29,Medialuna,3
2017-03-29,Hot chocolate,2
2017-03-29,Muffin,2
2017-03-29,Sandwich,2
2017-03-29,Toast,2
2017-03-29,Art Tray,1
2017-03-29,Chicken Stew,1
2017-03-29,Coke,1
2017-03-29,Drinking chocolate spoons ,1
2017-03-29,Farm House,1
2017-03-29,Granola,1
2017-03-29,Jammie Dodgers,1
2017-03-29,Raw bars,1
2017-03-29,Scone,1
2017-03-29,Smoothies,1
2017-03-29,Tiffin,1
2017-03-29,Truffles,1
2017-03-30,Coffee,33
2017-03-30,Cake,14
2017-03-30,Bread,13
2017-03-30,Tea,11
2017-03-30,Sandwich,8
2017-03-30,Toast,5
2017-03-30,Hot chocolate,4
2017-03-30,Juice,4
2017-03-30,Muffin,4
2017-03-30,Christmas common,3
2017-03-30,Jammie Dodgers,3
2017-03-30,Truffles,3
2017-03-30,Baguette,2
2017-03-30,Bakewell,2
2017-03-30,Cookies,2
2017-03-30,Salad,2
2017-03-30,Tiffin,2
2017-03-30,Chicken Stew,1
2017-03-30,Coke,1
2017-03-30,Extra Salami or Feta,1
2017-03-30,Farm House,1
2017-03-30,Mortimer,1
2017-03-30,Smoothies,1
2017-03-30,Soup,1
2017-03-30,Spanish Brunch,1
2017-03-31,Coffee,41
2017-03-31,Bread,27
2017-03-31,Cookies,8
2017-03-31,Tea,7
2017-03-31,Medialuna,6
2017-03-31,Sandwich,6
2017-03-31,Hot chocolate,5
2017-03-31,Scone,5
2017-03-31,Tiffin,5
2017-03-31,Brownie,4
2017-03-31,Juice,4
2017-03-31,Cake,3
2017-03-31,Coke,3
2017-03-31,Pastry,3
2017-03-31,Soup,3
2017-03-31,Toast,3
2017-03-31,Alfajores,2
2017-03-31,Baguette,2
2017-03-31,Chicken Stew,2
2017-03-31,Extra Salami or Feta,2
2017-03-31,Farm House,2
2017-03-31,Muffin,2
2017-03-31,Salad,2
2017-03-31,Spanish Brunch,2
2017-03-31,Jammie Dodgers,1
2017-03-31,Mineral water,1
2017-04-01,Coffee,39
2017-04-01,Bread,36
2017-04-01,Cake,10
2017-04-01,Sandwich,9
2017-04-01,Cookies,7
2017-04-01,Juice,6
2017-04-01,Pastry,6
2017-04-01,Alfajores,5
2017-04-01,Brownie,5
2017-04-01,Scone,5
2017-04-01,Tea,5
2017-04-01,Truffles,5
2017-04-01,Soup,4
2017-04-01,Coke,3
2017-04-01,Medialuna,3
2017-04-01,Spanish Brunch,3
2017-04-01,The Nomad,3
2017-04-01,Tiffin,3
2017-04-01,Baguette,2
2017-04-01,Chicken Stew,2
2017-04-01,Farm House,2
2017-04-01,Muffin,2
2017-04-01,Smoothies,2
2017-04-01,Toast,2
2017-04-01,Coffee granules ,1
2017-04-01,Crisps,1
2017-04-01,Extra Salami or Feta,1
2017-04-01,Granola,1
2017-04-01,Honey,1
2017-04-01,Mineral water,1
2017-04-01,Scandinavian,1
2017-04-02,Coffee,32
2017-04-02,Bread,17
2017-04-02,Cake,14
2017-04-02,Sandwich,8
2017-04-02,Pastry,5
2017-04-02,Tea,5
2017-04-02,Cookies,4
2017-04-02,Juice,3
2017-04-02,Farm House,2
2017-04-02,Hot chocolate,2
2017-04-02,Muffin,2
2017-04-02,Scone,2
2017-04-02,Spanish Brunch,2
2017-04-02,Tiffin,2
2017-04-02,Truffles,2
2017-04-02,Alfajores,1
2017-04-02,Argentina Night,1
2017-04-02,Brownie,1
2017-04-02,Coke,1
2017-04-02,Crisps,1
2017-04-02,Fudge,1
2017-04-02,Granola,1
2017-04-02,Jammie Dodgers,1
2017-04-02,Medialuna,1
2017-04-02,Scandinavian,1
2017-04-02,Smoothies,1
2017-04-02,Soup,1
2017-04-03,Coffee,35
2017-04-03,Bread,15
2017-04-03,Tea,9
2017-04-03,Cookies,7
2017-04-03,Sandwich,6
2017-04-03,Cake,5
2017-04-03,Scone,5
2017-04-03,Pastry,4
2017-04-03,Toast,4
2017-04-03,Alfajores,3
2017-04-03,Farm House,3
2017-04-03,Medialuna,3
2017-04-03,Soup,3
2017-04-03,Truffles,3
2017-04-03,Hot chocolate,2
2017-04-03,Coffee granules ,1
2017-04-03,Coke,1
2017-04-03,Granola,1
2017-04-03,Jammie Dodgers,1
2017-04-03,Juice,1
2017-04-03,Mineral water,1
2017-04-03,Salad,1
2017-04-03,Scandinavian,1
2017-04-03,Spanish Brunch,1
2017-04-03,The Nomad,1
2017-04-03,Tiffin,1
2017-04-04,Coffee,40
2017-04-04,Bread,18
2017-04-04,Cake,10
2017-04-04,Tea,9
2017-04-04,Juice,4
2017-04-04,Mineral water,4
2017-04-04,Pastry,4
2017-04-04,Salad,4
2017-04-04,Cookies,3
2017-04-04,Extra Salami or Feta,3
2017-04-04,Soup,3
2017-04-04,Chicken Stew,2
2017-04-04,Jammie Dodgers,2
2017-04-04,Baguette,1
2017-04-04,Coke,1
2017-04-04,Drinking chocolate spoons ,1
2017-04-04,Eggs,1
2017-04-04,Honey,1
2017-04-04,Sandwich,1
2017-04-04,Smoothies,1
2017-04-04,Spanish Brunch,1
2017-04-04,Toast,1
2017-04-05,Coffee,30
2017-04-05,Bread,20
2017-04-05,Tea,14
2017-04-05,Cake,10
2017-04-05,Pastry,10
2017-04-05,Sandwich,7
2017-04-05,Cookies,5
2017-04-05,Hot chocolate,5
2017-04-05,Tiffin,5
2017-04-05,Coke,4
2017-04-05,Salad,4
2017-04-05,Juice,3
2017-04-05,Muffin,3
2017-04-05,Toast,3
2017-04-05,Truffles,3
2017-04-05,Baguette,2
2017-04-05,Farm House,2
2017-04-05,Mineral water,2
2017-04-05,Alfajores,1
2017-04-05,Chicken Stew,1
2017-04-05,Chocolates,1
2017-04-05,Christmas common,1
2017-04-05,Drinking chocolate spoons ,1
2017-04-05,Extra Salami or Feta,1
2017-04-05,Jam,1
2017-04-05,Jammie Dodgers,1
2017-04-05,Scandinavian,1
2017-04-05,Soup,1
2017-04-05,Spanish Brunch,1
2017-04-06,Coffee,27
2017-04-06,Bread,16
2017-04-06,Sandwich,12
2017-04-06,Tea,11
2017-04-06,Juice,6
2017-04-06,Tiffin,6
2017-04-06,Alfajores,5
2017-04-06,Toast,5
2017-04-06,Cookies,4
2017-04-06,Soup,4
2017-04-06,Coke,3
2017-04-06,Farm House,3
2017-04-06,Muffin,3
2017-04-06,Cake,2
2017-04-06,Salad,2
2017-04-06,Art Tray,1
2017-04-06,Brioche and salami,1
2017-04-06,Christmas common,1
2017-04-06,Crisps,1
2017-04-06,Jammie Dodgers,1
2017-04-06,Mineral water,1
2017-04-06,Scandinavian,1
2017-04-06,Smoothies,1
2017-04-06,Truffles,1
2017-04-07,Coffee,29
2017-04-07,Bread,15
2017-04-07,Tea,6
2017-04-07,Cookies,5
2017-04-07,Cake,4
2017-04-07,Sandwich,4
2017-04-07,Toast,4
2017-04-07,Alfajores,3
2017-04-07,Chicken Stew,3
2017-04-07,Coke,3
2017-04-07,Medialuna,3
2017-04-07,Soup,3
2017-04-07,Tiffin,3
2017-04-07,Juice,2
2017-04-07,Mineral water,2
2017-04-07,Muffin,2
2017-04-07,Pastry,2
2017-04-07,Scone,2
2017-04-07,Truffles,2
2017-04-07,Baguette,1
2017-04-07,Salad,1
2017-04-08,Coffee,41
2017-04-08,Bread,29
2017-04-08,Cake,14
2017-04-08,Juice,9
2017-04-08,Tea,9
2017-04-08,Scandinavian,8
2017-04-08,Tacos/Fajita,8
2017-04-08,Pastry,7
2017-04-08,Sandwich,7
2017-04-08,Vegan Feast,7
2017-04-08,Alfajores,6
2017-04-08,Muffin,6
2017-04-08,Brownie,5
2017-04-08,Truffles,5
2017-04-08,Argentina Night,4
2017-04-08,Baguette,4
2017-04-08,Spanish Brunch,4
2017-04-08,The Nomad,4
2017-04-08,Farm House,3
2017-04-08,Honey,3
2017-04-08,Scone,3
2017-04-08,Afternoon with the baker,2
2017-04-08,Coke,2
2017-04-08,Cookies,2
2017-04-08,Hot chocolate,2
2017-04-08,Salad,2
2017-04-08,Cherry me Dried fruit,1
2017-04-08,Christmas common,1
2017-04-08,Eggs,1
2017-04-08,Extra Salami or Feta,1
2017-04-08,Granola,1
2017-04-08,Jam,1
2017-04-08,Smoothies,1
2017-04-08,Soup,1
2017-04-08,Toast,1
2017-04-09,Coffee,17
2017-04-09,Bread,9
2017-04-09,Spanish Brunch,5
2017-04-09,Tea,5
2017-04-09,Cake,3
2017-04-09,Pastry,3
2017-04-09,Sandwich,3
2017-04-09,Tacos/Fajita,3
2017-04-09,Extra Salami or Feta,2
2017-04-09,Farm House,2
2017-04-09,Hot chocolate,2
2017-04-09,Juice,2
2017-04-09,Smoothies,2
2017-04-09,Toast,2
2017-04-09,Baguette,1
2017-04-09,Christmas common,1
2017-04-09,Coke,1
2017-04-09,Cookies,1
2017-04-09,Half slice Monster ,1
2017-04-09,Medialuna,1
2017-04-09,Muffin,1
2017-04-09,My-5 Fruit Shoot,1
2017-04-09,Truffles,1
